Date,SELIC,IPCA,IGP-M,INPC,CDI,PIB_MENSAL
2015-03-01,,1.32,0.98,1.51,,515332.9
2015-03-14,12.75,,,,,
2015-03-15,12.75,,,,,
2015-03-16,12.75,,,,0.047103,
2015-03-17,12.75,,,,0.047103,
2015-03-18,12.75,,,,0.047103,
2015-03-19,12.75,,,,0.047103,
2015-03-20,12.75,,,,0.047103,
2015-03-21,12.75,,,,,
2015-03-22,12.75,,,,,
2015-03-23,12.75,,,,0.047138,
2015-03-24,12.75,,,,0.047138,
2015-03-25,12.75,,,,0.047138,
2015-03-26,12.75,,,,0.047138,
2015-03-27,12.75,,,,0.047138,
2015-03-28,12.75,,,,,
2015-03-29,12.75,,,,,
2015-03-30,12.75,,,,0.047103,
2015-03-31,12.75,,,,0.047103,
2015-04-01,12.75,0.71,1.17,0.71,0.047103,497195.2
2015-04-02,12.75,,,,0.047103,
2015-04-03,12.75,,,,,
2015-04-04,12.75,,,,,
2015-04-05,12.75,,,,,
2015-04-06,12.75,,,,0.047103,
2015-04-07,12.75,,,,0.047103,
2015-04-08,12.75,,,,0.047103,
2015-04-09,12.75,,,,0.047103,
2015-04-10,12.75,,,,0.047103,
2015-04-11,12.75,,,,,
2015-04-12,12.75,,,,,
2015-04-13,12.75,,,,0.047103,
2015-04-14,12.75,,,,0.047103,
2015-04-15,12.75,,,,0.047103,
2015-04-16,12.75,,,,0.047103,
2015-04-17,12.75,,,,0.047103,
2015-04-18,12.75,,,,,
2015-04-19,12.75,,,,,
2015-04-20,12.75,,,,0.047103,
2015-04-21,12.75,,,,,
2015-04-22,12.75,,,,0.047103,
2015-04-23,12.75,,,,0.047103,
2015-04-24,12.75,,,,0.047103,
2015-04-25,12.75,,,,,
2015-04-26,12.75,,,,,
2015-04-27,12.75,,,,0.047138,
2015-04-28,12.75,,,,0.047173,
2015-04-29,12.75,,,,0.047173,
2015-04-30,13.25,,,,0.048897,
2015-05-01,13.25,0.74,0.41,0.99,,492305.8
2015-05-02,13.25,,,,,
2015-05-03,13.25,,,,,
2015-05-04,13.25,,,,0.048897,
2015-05-05,13.25,,,,0.048967,
2015-05-06,13.25,,,,0.048967,
2015-05-07,13.25,,,,0.048967,
2015-05-08,13.25,,,,0.048967,
2015-05-09,13.25,,,,,
2015-05-10,13.25,,,,,
2015-05-11,13.25,,,,0.048967,
2015-05-12,13.25,,,,0.048967,
2015-05-13,13.25,,,,0.048967,
2015-05-14,13.25,,,,0.048967,
2015-05-15,13.25,,,,0.048967,
2015-05-16,13.25,,,,,
2015-05-17,13.25,,,,,
2015-05-18,13.25,,,,0.048967,
2015-05-19,13.25,,,,0.048967,
2015-05-20,13.25,,,,0.048967,
2015-05-21,13.25,,,,0.048967,
2015-05-22,13.25,,,,0.048967,
2015-05-23,13.25,,,,,
2015-05-24,13.25,,,,,
2015-05-25,13.25,,,,0.048967,
2015-05-26,13.25,,,,0.048967,
2015-05-27,13.25,,,,0.048967,
2015-05-28,13.25,,,,0.048967,
2015-05-29,13.25,,,,0.048967,
2015-05-30,13.25,,,,,
2015-05-31,13.25,,,,,
2015-06-01,13.25,0.79,0.67,0.77,0.048967,490468.7
2015-06-02,13.25,,,,0.048967,
2015-06-03,13.25,,,,0.048967,
2015-06-04,13.75,,,,,
2015-06-05,13.75,,,,0.050753,
2015-06-06,13.75,,,,,
2015-06-07,13.75,,,,,
2015-06-08,13.75,,,,0.050753,
2015-06-09,13.75,,,,0.050753,
2015-06-10,13.75,,,,0.050753,
2015-06-11,13.75,,,,0.050753,
2015-06-12,13.75,,,,0.050753,
2015-06-13,13.75,,,,,
2015-06-14,13.75,,,,,
2015-06-15,13.75,,,,0.050753,
2015-06-16,13.75,,,,0.050753,
2015-06-17,13.75,,,,0.050753,
2015-06-18,13.75,,,,0.050753,
2015-06-19,13.75,,,,0.050753,
2015-06-20,13.75,,,,,
2015-06-21,13.75,,,,,
2015-06-22,13.75,,,,0.050753,
2015-06-23,13.75,,,,0.050753,
2015-06-24,13.75,,,,0.050753,
2015-06-25,13.75,,,,0.050753,
2015-06-26,13.75,,,,0.050753,
2015-06-27,13.75,,,,,
2015-06-28,13.75,,,,,
2015-06-29,13.75,,,,0.050753,
2015-06-30,13.75,,,,0.050753,
2015-07-01,13.75,0.62,0.69,0.58,0.050753,507173.8
2015-07-02,13.75,,,,0.050753,
2015-07-03,13.75,,,,0.050753,
2015-07-04,13.75,,,,,
2015-07-05,13.75,,,,,
2015-07-06,13.75,,,,0.050753,
2015-07-07,13.75,,,,0.050753,
2015-07-08,13.75,,,,0.050753,
2015-07-09,13.75,,,,0.050753,
2015-07-10,13.75,,,,0.050753,
2015-07-11,13.75,,,,,
2015-07-12,13.75,,,,,
2015-07-13,13.75,,,,0.050753,
2015-07-14,13.75,,,,0.050753,
2015-07-15,13.75,,,,0.050753,
2015-07-16,13.75,,,,0.050753,
2015-07-17,13.75,,,,0.050753,
2015-07-18,13.75,,,,,
2015-07-19,13.75,,,,,
2015-07-20,13.75,,,,0.050753,
2015-07-21,13.75,,,,0.050753,
2015-07-22,13.75,,,,0.050753,
2015-07-23,13.75,,,,0.050753,
2015-07-24,13.75,,,,0.050753,
2015-07-25,13.75,,,,,
2015-07-26,13.75,,,,,
2015-07-27,13.75,,,,0.050753,
2015-07-28,13.75,,,,0.050753,
2015-07-29,13.75,,,,0.050753,
2015-07-30,14.25,,,,0.052461,
2015-07-31,14.25,,,,0.052461,
2015-08-01,14.25,0.22,0.28,0.25,,501418.3
2015-08-02,14.25,,,,,
2015-08-03,14.25,,,,0.052461,
2015-08-04,14.25,,,,0.052461,
2015-08-05,14.25,,,,0.052461,
2015-08-06,14.25,,,,0.052461,
2015-08-07,14.25,,,,0.052461,
2015-08-08,14.25,,,,,
2015-08-09,14.25,,,,,
2015-08-10,14.25,,,,0.052461,
2015-08-11,14.25,,,,0.052461,
2015-08-12,14.25,,,,0.052461,
2015-08-13,14.25,,,,0.052461,
2015-08-14,14.25,,,,0.052461,
2015-08-15,14.25,,,,,
2015-08-16,14.25,,,,,
2015-08-17,14.25,,,,0.052461,
2015-08-18,14.25,,,,0.052461,
2015-08-19,14.25,,,,0.052461,
2015-08-20,14.25,,,,0.052461,
2015-08-21,14.25,,,,0.052461,
2015-08-22,14.25,,,,,
2015-08-23,14.25,,,,,
2015-08-24,14.25,,,,0.052461,
2015-08-25,14.25,,,,0.052461,
2015-08-26,14.25,,,,0.052461,
2015-08-27,14.25,,,,0.052461,
2015-08-28,14.25,,,,0.052461,
2015-08-29,14.25,,,,,
2015-08-30,14.25,,,,,
2015-08-31,14.25,,,,0.052461,
2015-09-01,14.25,0.54,0.95,0.51,0.052461,499636.2
2015-09-02,14.25,,,,0.052461,
2015-09-03,14.25,,,,0.052461,
2015-09-04,14.25,,,,0.052461,
2015-09-05,14.25,,,,,
2015-09-06,14.25,,,,,
2015-09-07,14.25,,,,,
2015-09-08,14.25,,,,0.052461,
2015-09-09,14.25,,,,0.052461,
2015-09-10,14.25,,,,0.052461,
2015-09-11,14.25,,,,0.052461,
2015-09-12,14.25,,,,,
2015-09-13,14.25,,,,,
2015-09-14,14.25,,,,0.052461,
2015-09-15,14.25,,,,0.052461,
2015-09-16,14.25,,,,0.052461,
2015-09-17,14.25,,,,0.052461,
2015-09-18,14.25,,,,0.052461,
2015-09-19,14.25,,,,,
2015-09-20,14.25,,,,,
2015-09-21,14.25,,,,0.052461,
2015-09-22,14.25,,,,0.052461,
2015-09-23,14.25,,,,0.052461,
2015-09-24,14.25,,,,0.052461,
2015-09-25,14.25,,,,0.052461,
2015-09-26,14.25,,,,,
2015-09-27,14.25,,,,,
2015-09-28,14.25,,,,0.052461,
2015-09-29,14.25,,,,0.052461,
2015-09-30,14.25,,,,0.052461,
2015-10-01,14.25,0.82,1.89,0.77,0.052461,520989.6
2015-10-02,14.25,,,,0.052461,
2015-10-03,14.25,,,,,
2015-10-04,14.25,,,,,
2015-10-05,14.25,,,,0.052461,
2015-10-06,14.25,,,,0.052461,
2015-10-07,14.25,,,,0.052461,
2015-10-08,14.25,,,,0.052461,
2015-10-09,14.25,,,,0.052461,
2015-10-10,14.25,,,,,
2015-10-11,14.25,,,,,
2015-10-12,14.25,,,,,
2015-10-13,14.25,,,,0.052461,
2015-10-14,14.25,,,,0.052461,
2015-10-15,14.25,,,,0.052461,
2015-10-16,14.25,,,,0.052461,
2015-10-17,14.25,,,,,
2015-10-18,14.25,,,,,
2015-10-19,14.25,,,,0.052461,
2015-10-20,14.25,,,,0.052461,
2015-10-21,14.25,,,,0.052461,
2015-10-22,14.25,,,,0.052496,
2015-10-23,14.25,,,,0.052496,
2015-10-24,14.25,,,,,
2015-10-25,14.25,,,,,
2015-10-26,14.25,,,,0.052496,
2015-10-27,14.25,,,,0.052496,
2015-10-28,14.25,,,,0.052496,
2015-10-29,14.25,,,,0.052496,
2015-10-30,14.25,,,,0.052496,
2015-10-31,14.25,,,,,
2015-11-01,14.25,1.01,1.52,1.11,,513450.8
2015-11-02,14.25,,,,,
2015-11-03,14.25,,,,0.052496,
2015-11-04,14.25,,,,0.052496,
2015-11-05,14.25,,,,0.052496,
2015-11-06,14.25,,,,0.052496,
2015-11-07,14.25,,,,,
2015-11-08,14.25,,,,,
2015-11-09,14.25,,,,0.052496,
2015-11-10,14.25,,,,0.052496,
2015-11-11,14.25,,,,0.052496,
2015-11-12,14.25,,,,0.052496,
2015-11-13,14.25,,,,0.052496,
2015-11-14,14.25,,,,,
2015-11-15,14.25,,,,,
2015-11-16,14.25,,,,0.052496,
2015-11-17,14.25,,,,0.052496,
2015-11-18,14.25,,,,0.052496,
2015-11-19,14.25,,,,0.052496,
2015-11-20,14.25,,,,0.052496,
2015-11-21,14.25,,,,,
2015-11-22,14.25,,,,,
2015-11-23,14.25,,,,0.052496,
2015-11-24,14.25,,,,0.052496,
2015-11-25,14.25,,,,0.052496,
2015-11-26,14.25,,,,0.052496,
2015-11-27,14.25,,,,0.052496,
2015-11-28,14.25,,,,,
2015-11-29,14.25,,,,,
2015-11-30,14.25,,,,0.052496,
2015-12-01,14.25,0.96,0.49,0.9,0.052496,516489.8
2015-12-02,14.25,,,,0.052496,
2015-12-03,14.25,,,,0.052496,
2015-12-04,14.25,,,,0.052496,
2015-12-05,14.25,,,,,
2015-12-06,14.25,,,,,
2015-12-07,14.25,,,,0.052496,
2015-12-08,14.25,,,,0.052496,
2015-12-09,14.25,,,,0.052496,
2015-12-10,14.25,,,,0.052496,
2015-12-11,14.25,,,,0.052496,
2015-12-12,14.25,,,,,
2015-12-13,14.25,,,,,
2015-12-14,14.25,,,,0.052496,
2015-12-15,14.25,,,,0.052496,
2015-12-16,14.25,,,,0.052496,
2015-12-17,14.25,,,,0.052496,
2015-12-18,14.25,,,,0.052496,
2015-12-19,14.25,,,,,
2015-12-20,14.25,,,,,
2015-12-21,14.25,,,,0.052496,
2015-12-22,14.25,,,,0.052496,
2015-12-23,14.25,,,,0.052496,
2015-12-24,14.25,,,,0.052496,
2015-12-25,14.25,,,,,
2015-12-26,14.25,,,,,
2015-12-27,14.25,,,,,
2015-12-28,14.25,,,,0.052496,
2015-12-29,14.25,,,,0.052496,
2015-12-30,14.25,,,,0.052496,
2015-12-31,14.25,,,,0.052496,
2016-01-01,14.25,1.27,1.14,1.51,,482000.0
2016-01-02,14.25,,,,,
2016-01-03,14.25,,,,,
2016-01-04,14.25,,,,0.052496,
2016-01-05,14.25,,,,0.052496,
2016-01-06,14.25,,,,0.052496,
2016-01-07,14.25,,,,0.052496,
2016-01-08,14.25,,,,0.052496,
2016-01-09,14.25,,,,,
2016-01-10,14.25,,,,,
2016-01-11,14.25,,,,0.052496,
2016-01-12,14.25,,,,0.052496,
2016-01-13,14.25,,,,0.052496,
2016-01-14,14.25,,,,0.052496,
2016-01-15,14.25,,,,0.052496,
2016-01-16,14.25,,,,,
2016-01-17,14.25,,,,,
2016-01-18,14.25,,,,0.052496,
2016-01-19,14.25,,,,0.052496,
2016-01-20,14.25,,,,0.052496,
2016-01-21,14.25,,,,0.052461,
2016-01-22,14.25,,,,0.052461,
2016-01-23,14.25,,,,,
2016-01-24,14.25,,,,,
2016-01-25,14.25,,,,0.052461,
2016-01-26,14.25,,,,0.052461,
2016-01-27,14.25,,,,0.052461,
2016-01-28,14.25,,,,0.052461,
2016-01-29,14.25,,,,0.052461,
2016-01-30,14.25,,,,,
2016-01-31,14.25,,,,,
2016-02-01,14.25,0.9,1.29,0.95,0.052461,490513.9
2016-02-02,14.25,,,,0.052461,
2016-02-03,14.25,,,,0.052461,
2016-02-04,14.25,,,,0.052461,
2016-02-05,14.25,,,,0.052461,
2016-02-06,14.25,,,,,
2016-02-07,14.25,,,,,
2016-02-08,14.25,,,,,
2016-02-09,14.25,,,,,
2016-02-10,14.25,,,,0.052461,
2016-02-11,14.25,,,,0.052461,
2016-02-12,14.25,,,,0.052461,
2016-02-13,14.25,,,,,
2016-02-14,14.25,,,,,
2016-02-15,14.25,,,,0.052461,
2016-02-16,14.25,,,,0.052461,
2016-02-17,14.25,,,,0.052461,
2016-02-18,14.25,,,,0.052461,
2016-02-19,14.25,,,,0.052461,
2016-02-20,14.25,,,,,
2016-02-21,14.25,,,,,
2016-02-22,14.25,,,,0.052461,
2016-02-23,14.25,,,,0.052461,
2016-02-24,14.25,,,,0.052461,
2016-02-25,14.25,,,,0.052461,
2016-02-26,14.25,,,,0.052461,
2016-02-27,14.25,,,,,
2016-02-28,14.25,,,,,
2016-02-29,14.25,,,,0.052461,
2016-03-01,14.25,0.43,0.51,0.44,0.052461,527785.0
2016-03-02,14.25,,,,0.052461,
2016-03-03,14.25,,,,0.052461,
2016-03-04,14.25,,,,0.052461,
2016-03-05,14.25,,,,,
2016-03-06,14.25,,,,,
2016-03-07,14.25,,,,0.052461,
2016-03-08,14.25,,,,0.052461,
2016-03-09,14.25,,,,0.052461,
2016-03-10,14.25,,,,0.052461,
2016-03-11,14.25,,,,0.052461,
2016-03-12,14.25,,,,,
2016-03-13,14.25,,,,,
2016-03-14,14.25,,,,0.052461,
2016-03-15,14.25,,,,0.052461,
2016-03-16,14.25,,,,0.052461,
2016-03-17,14.25,,,,0.052461,
2016-03-18,14.25,,,,0.052461,
2016-03-19,14.25,,,,,
2016-03-20,14.25,,,,,
2016-03-21,14.25,,,,0.052461,
2016-03-22,14.25,,,,0.052461,
2016-03-23,14.25,,,,0.052461,
2016-03-24,14.25,,,,0.052461,
2016-03-25,14.25,,,,,
2016-03-26,14.25,,,,,
2016-03-27,14.25,,,,,
2016-03-28,14.25,,,,0.052461,
2016-03-29,14.25,,,,0.052461,
2016-03-30,14.25,,,,0.052461,
2016-03-31,14.25,,,,0.052461,
2016-04-01,14.25,0.61,0.33,0.64,0.052461,520773.8
2016-04-02,14.25,,,,,
2016-04-03,14.25,,,,,
2016-04-04,14.25,,,,0.052461,
2016-04-05,14.25,,,,0.052461,
2016-04-06,14.25,,,,0.052461,
2016-04-07,14.25,,,,0.052461,
2016-04-08,14.25,,,,0.052461,
2016-04-09,14.25,,,,,
2016-04-10,14.25,,,,,
2016-04-11,14.25,,,,0.052461,
2016-04-12,14.25,,,,0.052461,
2016-04-13,14.25,,,,0.052461,
2016-04-14,14.25,,,,0.052461,
2016-04-15,14.25,,,,0.052461,
2016-04-16,14.25,,,,,
2016-04-17,14.25,,,,,
2016-04-18,14.25,,,,0.052461,
2016-04-19,14.25,,,,0.052461,
2016-04-20,14.25,,,,0.052461,
2016-04-21,14.25,,,,,
2016-04-22,14.25,,,,0.052461,
2016-04-23,14.25,,,,,
2016-04-24,14.25,,,,,
2016-04-25,14.25,,,,0.052461,
2016-04-26,14.25,,,,0.052461,
2016-04-27,14.25,,,,0.052461,
2016-04-28,14.25,,,,0.052461,
2016-04-29,14.25,,,,0.052461,
2016-04-30,14.25,,,,,
2016-05-01,14.25,0.78,0.82,0.98,,516399.4
2016-05-02,14.25,,,,0.052461,
2016-05-03,14.25,,,,0.052461,
2016-05-04,14.25,,,,0.052461,
2016-05-05,14.25,,,,0.052461,
2016-05-06,14.25,,,,0.052461,
2016-05-07,14.25,,,,,
2016-05-08,14.25,,,,,
2016-05-09,14.25,,,,0.052461,
2016-05-10,14.25,,,,0.052461,
2016-05-11,14.25,,,,0.052461,
2016-05-12,14.25,,,,0.052461,
2016-05-13,14.25,,,,0.052461,
2016-05-14,14.25,,,,,
2016-05-15,14.25,,,,,
2016-05-16,14.25,,,,0.052461,
2016-05-17,14.25,,,,0.052461,
2016-05-18,14.25,,,,0.052461,
2016-05-19,14.25,,,,0.052461,
2016-05-20,14.25,,,,0.052461,
2016-05-21,14.25,,,,,
2016-05-22,14.25,,,,,
2016-05-23,14.25,,,,0.052461,
2016-05-24,14.25,,,,0.052461,
2016-05-25,14.25,,,,0.052461,
2016-05-26,14.25,,,,,
2016-05-27,14.25,,,,0.052461,
2016-05-28,14.25,,,,,
2016-05-29,14.25,,,,,
2016-05-30,14.25,,,,0.052461,
2016-05-31,14.25,,,,0.052461,
2016-06-01,14.25,0.35,1.69,0.47,0.052461,521876.9
2016-06-02,14.25,,,,0.052461,
2016-06-03,14.25,,,,0.052461,
2016-06-04,14.25,,,,,
2016-06-05,14.25,,,,,
2016-06-06,14.25,,,,0.052461,
2016-06-07,14.25,,,,0.052461,
2016-06-08,14.25,,,,0.052461,
2016-06-09,14.25,,,,0.052461,
2016-06-10,14.25,,,,0.052461,
2016-06-11,14.25,,,,,
2016-06-12,14.25,,,,,
2016-06-13,14.25,,,,0.052461,
2016-06-14,14.25,,,,0.052461,
2016-06-15,14.25,,,,0.052461,
2016-06-16,14.25,,,,0.052461,
2016-06-17,14.25,,,,0.052461,
2016-06-18,14.25,,,,,
2016-06-19,14.25,,,,,
2016-06-20,14.25,,,,0.052461,
2016-06-21,14.25,,,,0.052461,
2016-06-22,14.25,,,,0.052461,
2016-06-23,14.25,,,,0.052461,
2016-06-24,14.25,,,,0.052461,
2016-06-25,14.25,,,,,
2016-06-26,14.25,,,,,
2016-06-27,14.25,,,,0.052461,
2016-06-28,14.25,,,,0.052461,
2016-06-29,14.25,,,,0.052461,
2016-06-30,14.25,,,,0.052461,
2016-07-01,14.25,0.52,0.18,0.64,0.052461,522264.5
2016-07-02,14.25,,,,,
2016-07-03,14.25,,,,,
2016-07-04,14.25,,,,0.052461,
2016-07-05,14.25,,,,0.052461,
2016-07-06,14.25,,,,0.052461,
2016-07-07,14.25,,,,0.052461,
2016-07-08,14.25,,,,0.052461,
2016-07-09,14.25,,,,,
2016-07-10,14.25,,,,,
2016-07-11,14.25,,,,0.052461,
2016-07-12,14.25,,,,0.052461,
2016-07-13,14.25,,,,0.052461,
2016-07-14,14.25,,,,0.052461,
2016-07-15,14.25,,,,0.052461,
2016-07-16,14.25,,,,,
2016-07-17,14.25,,,,,
2016-07-18,14.25,,,,0.052461,
2016-07-19,14.25,,,,0.052461,
2016-07-20,14.25,,,,0.052461,
2016-07-21,14.25,,,,0.052461,
2016-07-22,14.25,,,,0.052461,
2016-07-23,14.25,,,,,
2016-07-24,14.25,,,,,
2016-07-25,14.25,,,,0.052461,
2016-07-26,14.25,,,,0.052461,
2016-07-27,14.25,,,,0.052461,
2016-07-28,14.25,,,,0.052461,
2016-07-29,14.25,,,,0.052461,
2016-07-30,14.25,,,,,
2016-07-31,14.25,,,,,
2016-08-01,14.25,0.44,0.15,0.31,0.052461,530570.6
2016-08-02,14.25,,,,0.052461,
2016-08-03,14.25,,,,0.052461,
2016-08-04,14.25,,,,0.052461,
2016-08-05,14.25,,,,0.052461,
2016-08-06,14.25,,,,,
2016-08-07,14.25,,,,,
2016-08-08,14.25,,,,0.052461,
2016-08-09,14.25,,,,0.052461,
2016-08-10,14.25,,,,0.052461,
2016-08-11,14.25,,,,0.052461,
2016-08-12,14.25,,,,0.052461,
2016-08-13,14.25,,,,,
2016-08-14,14.25,,,,,
2016-08-15,14.25,,,,0.052461,
2016-08-16,14.25,,,,0.052461,
2016-08-17,14.25,,,,0.052461,
2016-08-18,14.25,,,,0.052461,
2016-08-19,14.25,,,,0.052461,
2016-08-20,14.25,,,,,
2016-08-21,14.25,,,,,
2016-08-22,14.25,,,,0.052461,
2016-08-23,14.25,,,,0.052461,
2016-08-24,14.25,,,,0.052461,
2016-08-25,14.25,,,,0.052461,
2016-08-26,14.25,,,,0.052461,
2016-08-27,14.25,,,,,
2016-08-28,14.25,,,,,
2016-08-29,14.25,,,,0.052461,
2016-08-30,14.25,,,,0.052461,
2016-08-31,14.25,,,,0.052461,
2016-09-01,14.25,0.08,0.2,0.08,0.052461,524335.4
2016-09-02,14.25,,,,0.052461,
2016-09-03,14.25,,,,,
2016-09-04,14.25,,,,,
2016-09-05,14.25,,,,0.052461,
2016-09-06,14.25,,,,0.052461,
2016-09-07,14.25,,,,,
2016-09-08,14.25,,,,0.052461,
2016-09-09,14.25,,,,0.052461,
2016-09-10,14.25,,,,,
2016-09-11,14.25,,,,,
2016-09-12,14.25,,,,0.052461,
2016-09-13,14.25,,,,0.052461,
2016-09-14,14.25,,,,0.052461,
2016-09-15,14.25,,,,0.052461,
2016-09-16,14.25,,,,0.052461,
2016-09-17,14.25,,,,,
2016-09-18,14.25,,,,,
2016-09-19,14.25,,,,0.052461,
2016-09-20,14.25,,,,0.052461,
2016-09-21,14.25,,,,0.052461,
2016-09-22,14.25,,,,0.052461,
2016-09-23,14.25,,,,0.052461,
2016-09-24,14.25,,,,,
2016-09-25,14.25,,,,,
2016-09-26,14.25,,,,0.052461,
2016-09-27,14.25,,,,0.052461,
2016-09-28,14.25,,,,0.052461,
2016-09-29,14.25,,,,0.052461,
2016-09-30,14.25,,,,0.052461,
2016-10-01,14.25,0.26,0.16,0.17,,539580.2
2016-10-02,14.25,,,,,
2016-10-03,14.25,,,,0.052461,
2016-10-04,14.25,,,,0.052461,
2016-10-05,14.25,,,,0.052461,
2016-10-06,14.25,,,,0.052461,
2016-10-07,14.25,,,,0.052461,
2016-10-08,14.25,,,,,
2016-10-09,14.25,,,,,
2016-10-10,14.25,,,,0.052461,
2016-10-11,14.25,,,,0.052461,
2016-10-12,14.25,,,,,
2016-10-13,14.25,,,,0.052461,
2016-10-14,14.25,,,,0.052461,
2016-10-15,14.25,,,,,
2016-10-16,14.25,,,,,
2016-10-17,14.25,,,,0.052461,
2016-10-18,14.25,,,,0.052461,
2016-10-19,14.25,,,,0.052461,
2016-10-20,14.0,,,,0.051591,
2016-10-21,14.0,,,,0.051591,
2016-10-22,14.0,,,,,
2016-10-23,14.0,,,,,
2016-10-24,14.0,,,,0.051591,
2016-10-25,14.0,,,,0.051591,
2016-10-26,14.0,,,,0.051591,
2016-10-27,14.0,,,,0.051591,
2016-10-28,14.0,,,,0.051591,
2016-10-29,14.0,,,,,
2016-10-30,14.0,,,,,
2016-10-31,14.0,,,,0.051591,
2016-11-01,14.0,0.18,-0.03,0.07,0.051591,545984.0
2016-11-02,14.0,,,,,
2016-11-03,14.0,,,,0.051591,
2016-11-04,14.0,,,,0.051591,
2016-11-05,14.0,,,,,
2016-11-06,14.0,,,,,
2016-11-07,14.0,,,,0.051591,
2016-11-08,14.0,,,,0.051591,
2016-11-09,14.0,,,,0.051591,
2016-11-10,14.0,,,,0.051591,
2016-11-11,14.0,,,,0.051591,
2016-11-12,14.0,,,,,
2016-11-13,14.0,,,,,
2016-11-14,14.0,,,,0.051591,
2016-11-15,14.0,,,,,
2016-11-16,14.0,,,,0.051591,
2016-11-17,14.0,,,,0.051591,
2016-11-18,14.0,,,,0.051591,
2016-11-19,14.0,,,,,
2016-11-20,14.0,,,,,
2016-11-21,14.0,,,,0.051591,
2016-11-22,14.0,,,,0.051591,
2016-11-23,14.0,,,,0.051591,
2016-11-24,14.0,,,,0.051591,
2016-11-25,14.0,,,,0.051591,
2016-11-26,14.0,,,,,
2016-11-27,14.0,,,,,
2016-11-28,14.0,,,,0.051591,
2016-11-29,14.0,,,,0.051591,
2016-11-30,14.0,,,,0.051591,
2016-12-01,13.75,0.3,0.54,0.14,0.050718,547244.3
2016-12-02,13.75,,,,0.050718,
2016-12-03,13.75,,,,,
2016-12-04,13.75,,,,,
2016-12-05,13.75,,,,0.050718,
2016-12-06,13.75,,,,0.050718,
2016-12-07,13.75,,,,0.050718,
2016-12-08,13.75,,,,0.050718,
2016-12-09,13.75,,,,0.050718,
2016-12-10,13.75,,,,,
2016-12-11,13.75,,,,,
2016-12-12,13.75,,,,0.050718,
2016-12-13,13.75,,,,0.050718,
2016-12-14,13.75,,,,0.050718,
2016-12-15,13.75,,,,0.050718,
2016-12-16,13.75,,,,0.050718,
2016-12-17,13.75,,,,,
2016-12-18,13.75,,,,,
2016-12-19,13.75,,,,0.050718,
2016-12-20,13.75,,,,0.050718,
2016-12-21,13.75,,,,0.050718,
2016-12-22,13.75,,,,0.050718,
2016-12-23,13.75,,,,0.050718,
2016-12-24,13.75,,,,,
2016-12-25,13.75,,,,,
2016-12-26,13.75,,,,0.050718,
2016-12-27,13.75,,,,0.050718,
2016-12-28,13.75,,,,0.050718,
2016-12-29,13.75,,,,0.050718,
2016-12-30,13.75,,,,0.050718,
2016-12-31,13.75,,,,,
2017-01-01,13.75,0.38,0.64,0.42,,514125.8
2017-01-02,13.75,,,,0.050718,
2017-01-03,13.75,,,,0.050718,
2017-01-04,13.75,,,,0.050718,
2017-01-05,13.75,,,,0.050718,
2017-01-06,13.75,,,,0.050718,
2017-01-07,13.75,,,,,
2017-01-08,13.75,,,,,
2017-01-09,13.75,,,,0.050718,
2017-01-10,13.75,,,,0.050718,
2017-01-11,13.75,,,,0.050718,
2017-01-12,13.0,,,,0.048089,
2017-01-13,13.0,,,,0.048089,
2017-01-14,13.0,,,,,
2017-01-15,13.0,,,,,
2017-01-16,13.0,,,,0.048089,
2017-01-17,13.0,,,,0.048089,
2017-01-18,13.0,,,,0.048089,
2017-01-19,13.0,,,,0.048089,
2017-01-20,13.0,,,,0.048089,
2017-01-21,13.0,,,,,
2017-01-22,13.0,,,,,
2017-01-23,13.0,,,,0.048089,
2017-01-24,13.0,,,,0.048089,
2017-01-25,13.0,,,,0.048089,
2017-01-26,13.0,,,,0.048089,
2017-01-27,13.0,,,,0.048089,
2017-01-28,13.0,,,,,
2017-01-29,13.0,,,,,
2017-01-30,13.0,,,,0.048089,
2017-01-31,13.0,,,,0.048089,
2017-02-01,13.0,0.33,0.08,0.24,0.048089,510942.2
2017-02-02,13.0,,,,0.048089,
2017-02-03,13.0,,,,0.048089,
2017-02-04,13.0,,,,,
2017-02-05,13.0,,,,,
2017-02-06,13.0,,,,0.048089,
2017-02-07,13.0,,,,0.048089,
2017-02-08,13.0,,,,0.048089,
2017-02-09,13.0,,,,0.048089,
2017-02-10,13.0,,,,0.048089,
2017-02-11,13.0,,,,,
2017-02-12,13.0,,,,,
2017-02-13,13.0,,,,0.048089,
2017-02-14,13.0,,,,0.048089,
2017-02-15,13.0,,,,0.048089,
2017-02-16,13.0,,,,0.048089,
2017-02-17,13.0,,,,0.048089,
2017-02-18,13.0,,,,,
2017-02-19,13.0,,,,,
2017-02-20,13.0,,,,0.048089,
2017-02-21,13.0,,,,0.048089,
2017-02-22,13.0,,,,0.048089,
2017-02-23,12.25,,,,0.045442,
2017-02-24,12.25,,,,0.045442,
2017-02-25,12.25,,,,,
2017-02-26,12.25,,,,,
2017-02-27,12.25,,,,,
2017-02-28,12.25,,,,,
2017-03-01,12.25,0.25,0.01,0.32,0.045442,560605.4
2017-03-02,12.25,,,,0.045442,
2017-03-03,12.25,,,,0.045442,
2017-03-04,12.25,,,,,
2017-03-05,12.25,,,,,
2017-03-06,12.25,,,,0.045442,
2017-03-07,12.25,,,,0.045442,
2017-03-08,12.25,,,,0.045442,
2017-03-09,12.25,,,,0.045442,
2017-03-10,12.25,,,,0.045442,
2017-03-11,12.25,,,,,
2017-03-12,12.25,,,,,
2017-03-13,12.25,,,,0.045442,
2017-03-14,12.25,,,,0.045442,
2017-03-15,12.25,,,,0.045442,
2017-03-16,12.25,,,,0.045442,
2017-03-17,12.25,,,,0.045442,
2017-03-18,12.25,,,,,
2017-03-19,12.25,,,,,
2017-03-20,12.25,,,,0.045442,
2017-03-21,12.25,,,,0.045442,
2017-03-22,12.25,,,,0.045442,
2017-03-23,12.25,,,,0.045442,
2017-03-24,12.25,,,,0.045442,
2017-03-25,12.25,,,,,
2017-03-26,12.25,,,,,
2017-03-27,12.25,,,,0.045442,
2017-03-28,12.25,,,,0.045442,
2017-03-29,12.25,,,,0.045442,
2017-03-30,12.25,,,,0.045442,
2017-03-31,12.25,,,,0.045442,
2017-04-01,12.25,0.14,-1.1,0.08,,537839.5
2017-04-02,12.25,,,,,
2017-04-03,12.25,,,,0.045442,
2017-04-04,12.25,,,,0.045442,
2017-04-05,12.25,,,,0.045442,
2017-04-06,12.25,,,,0.045442,
2017-04-07,12.25,,,,0.045442,
2017-04-08,12.25,,,,,
2017-04-09,12.25,,,,,
2017-04-10,12.25,,,,0.045442,
2017-04-11,12.25,,,,0.045442,
2017-04-12,12.25,,,,0.045442,
2017-04-13,11.25,,,,0.041886,
2017-04-14,11.25,,,,,
2017-04-15,11.25,,,,,
2017-04-16,11.25,,,,,
2017-04-17,11.25,,,,0.041886,
2017-04-18,11.25,,,,0.041886,
2017-04-19,11.25,,,,0.041886,
2017-04-20,11.25,,,,0.041886,
2017-04-21,11.25,,,,,
2017-04-22,11.25,,,,,
2017-04-23,11.25,,,,,
2017-04-24,11.25,,,,0.041886,
2017-04-25,11.25,,,,0.041886,
2017-04-26,11.25,,,,0.041886,
2017-04-27,11.25,,,,0.041886,
2017-04-28,11.25,,,,0.041886,
2017-04-29,11.25,,,,,
2017-04-30,11.25,,,,,
2017-05-01,11.25,0.31,-0.93,0.36,,550821.6
2017-05-02,11.25,,,,0.041886,
2017-05-03,11.25,,,,0.041886,
2017-05-04,11.25,,,,0.041886,
2017-05-05,11.25,,,,0.041886,
2017-05-06,11.25,,,,,
2017-05-07,11.25,,,,,
2017-05-08,11.25,,,,0.041886,
2017-05-09,11.25,,,,0.041886,
2017-05-10,11.25,,,,0.041886,
2017-05-11,11.25,,,,0.041886,
2017-05-12,11.25,,,,0.041886,
2017-05-13,11.25,,,,,
2017-05-14,11.25,,,,,
2017-05-15,11.25,,,,0.041886,
2017-05-16,11.25,,,,0.041886,
2017-05-17,11.25,,,,0.041886,
2017-05-18,11.25,,,,0.041886,
2017-05-19,11.25,,,,0.041886,
2017-05-20,11.25,,,,,
2017-05-21,11.25,,,,,
2017-05-22,11.25,,,,0.041886,
2017-05-23,11.25,,,,0.041886,
2017-05-24,11.25,,,,0.041886,
2017-05-25,11.25,,,,0.041886,
2017-05-26,11.25,,,,0.041886,
2017-05-27,11.25,,,,,
2017-05-28,11.25,,,,,
2017-05-29,11.25,,,,0.041886,
2017-05-30,11.25,,,,0.041886,
2017-05-31,11.25,,,,0.041886,
2017-06-01,10.25,-0.23,-0.67,-0.3,0.038334,542068.4
2017-06-02,10.25,,,,0.038334,
2017-06-03,10.25,,,,,
2017-06-04,10.25,,,,,
2017-06-05,10.25,,,,0.038334,
2017-06-06,10.25,,,,0.038334,
2017-06-07,10.25,,,,0.038334,
2017-06-08,10.25,,,,0.038334,
2017-06-09,10.25,,,,0.038334,
2017-06-10,10.25,,,,,
2017-06-11,10.25,,,,,
2017-06-12,10.25,,,,0.038334,
2017-06-13,10.25,,,,0.038334,
2017-06-14,10.25,,,,0.038334,
2017-06-15,10.25,,,,,
2017-06-16,10.25,,,,0.038334,
2017-06-17,10.25,,,,,
2017-06-18,10.25,,,,,
2017-06-19,10.25,,,,0.038334,
2017-06-20,10.25,,,,0.038334,
2017-06-21,10.25,,,,0.038334,
2017-06-22,10.25,,,,0.038334,
2017-06-23,10.25,,,,0.038334,
2017-06-24,10.25,,,,,
2017-06-25,10.25,,,,,
2017-06-26,10.25,,,,0.038334,
2017-06-27,10.25,,,,0.038334,
2017-06-28,10.25,,,,0.038334,
2017-06-29,10.25,,,,0.038334,
2017-06-30,10.25,,,,0.038334,
2017-07-01,10.25,0.24,-0.72,0.17,,548490.4
2017-07-02,10.25,,,,,
2017-07-03,10.25,,,,0.038334,
2017-07-04,10.25,,,,0.038334,
2017-07-05,10.25,,,,0.038334,
2017-07-06,10.25,,,,0.038334,
2017-07-07,10.25,,,,0.038334,
2017-07-08,10.25,,,,,
2017-07-09,10.25,,,,,
2017-07-10,10.25,,,,0.038334,
2017-07-11,10.25,,,,0.038334,
2017-07-12,10.25,,,,0.038334,
2017-07-13,10.25,,,,0.038334,
2017-07-14,10.25,,,,0.038334,
2017-07-15,10.25,,,,,
2017-07-16,10.25,,,,,
2017-07-17,10.25,,,,0.038334,
2017-07-18,10.25,,,,0.038334,
2017-07-19,10.25,,,,0.038334,
2017-07-20,10.25,,,,0.038334,
2017-07-21,10.25,,,,0.038334,
2017-07-22,10.25,,,,,
2017-07-23,10.25,,,,,
2017-07-24,10.25,,,,0.038334,
2017-07-25,10.25,,,,0.038334,
2017-07-26,10.25,,,,0.038334,
2017-07-27,9.25,,,,0.034713,
2017-07-28,9.25,,,,0.034713,
2017-07-29,9.25,,,,,
2017-07-30,9.25,,,,,
2017-07-31,9.25,,,,0.034713,
2017-08-01,9.25,0.19,0.1,-0.03,0.034713,555924.0
2017-08-02,9.25,,,,0.034713,
2017-08-03,9.25,,,,0.034713,
2017-08-04,9.25,,,,0.034713,
2017-08-05,9.25,,,,,
2017-08-06,9.25,,,,,
2017-08-07,9.25,,,,0.034713,
2017-08-08,9.25,,,,0.034713,
2017-08-09,9.25,,,,0.034713,
2017-08-10,9.25,,,,0.034713,
2017-08-11,9.25,,,,0.034713,
2017-08-12,9.25,,,,,
2017-08-13,9.25,,,,,
2017-08-14,9.25,,,,0.034713,
2017-08-15,9.25,,,,0.034713,
2017-08-16,9.25,,,,0.034713,
2017-08-17,9.25,,,,0.034713,
2017-08-18,9.25,,,,0.034713,
2017-08-19,9.25,,,,,
2017-08-20,9.25,,,,,
2017-08-21,9.25,,,,0.034713,
2017-08-22,9.25,,,,0.034713,
2017-08-23,9.25,,,,0.034713,
2017-08-24,9.25,,,,0.034713,
2017-08-25,9.25,,,,0.034713,
2017-08-26,9.25,,,,,
2017-08-27,9.25,,,,,
2017-08-28,9.25,,,,0.034713,
2017-08-29,9.25,,,,0.034713,
2017-08-30,9.25,,,,0.034713,
2017-08-31,9.25,,,,0.034713,
2017-09-01,9.25,0.16,0.47,-0.02,0.034713,544220.8
2017-09-02,9.25,,,,,
2017-09-03,9.25,,,,,
2017-09-04,9.25,,,,0.034713,
2017-09-05,9.25,,,,0.034713,
2017-09-06,9.25,,,,0.034713,
2017-09-07,9.25,,,,,
2017-09-08,8.25,,,,0.031059,
2017-09-09,8.25,,,,,
2017-09-10,8.25,,,,,
2017-09-11,8.25,,,,0.031059,
2017-09-12,8.25,,,,0.031059,
2017-09-13,8.25,,,,0.031059,
2017-09-14,8.25,,,,0.031059,
2017-09-15,8.25,,,,0.031059,
2017-09-16,8.25,,,,,
2017-09-17,8.25,,,,,
2017-09-18,8.25,,,,0.031059,
2017-09-19,8.25,,,,0.031059,
2017-09-20,8.25,,,,0.031059,
2017-09-21,8.25,,,,0.031059,
2017-09-22,8.25,,,,0.031059,
2017-09-23,8.25,,,,,
2017-09-24,8.25,,,,,
2017-09-25,8.25,,,,0.031059,
2017-09-26,8.25,,,,0.031059,
2017-09-27,8.25,,,,0.031059,
2017-09-28,8.25,,,,0.031059,
2017-09-29,8.25,,,,0.031059,
2017-09-30,8.25,,,,,
2017-10-01,8.25,0.42,0.2,0.37,,568667.6
2017-10-02,8.25,,,,0.031059,
2017-10-03,8.25,,,,0.031059,
2017-10-04,8.25,,,,0.031059,
2017-10-05,8.25,,,,0.031059,
2017-10-06,8.25,,,,0.031059,
2017-10-07,8.25,,,,,
2017-10-08,8.25,,,,,
2017-10-09,8.25,,,,0.031059,
2017-10-10,8.25,,,,0.031059,
2017-10-11,8.25,,,,0.031059,
2017-10-12,8.25,,,,,
2017-10-13,8.25,,,,0.031059,
2017-10-14,8.25,,,,,
2017-10-15,8.25,,,,,
2017-10-16,8.25,,,,0.031059,
2017-10-17,8.25,,,,0.031059,
2017-10-18,8.25,,,,0.031059,
2017-10-19,8.25,,,,0.031059,
2017-10-20,8.25,,,,0.031059,
2017-10-21,8.25,,,,,
2017-10-22,8.25,,,,,
2017-10-23,8.25,,,,0.031059,
2017-10-24,8.25,,,,0.031059,
2017-10-25,8.25,,,,0.031059,
2017-10-26,7.5,,,,0.028296,
2017-10-27,7.5,,,,0.028296,
2017-10-28,7.5,,,,,
2017-10-29,7.5,,,,,
2017-10-30,7.5,,,,0.028296,
2017-10-31,7.5,,,,0.028296,
2017-11-01,7.5,0.28,0.52,0.18,0.028296,573851.5
2017-11-02,7.5,,,,,
2017-11-03,7.5,,,,0.028296,
2017-11-04,7.5,,,,,
2017-11-05,7.5,,,,,
2017-11-06,7.5,,,,0.028296,
2017-11-07,7.5,,,,0.028296,
2017-11-08,7.5,,,,0.028296,
2017-11-09,7.5,,,,0.028296,
2017-11-10,7.5,,,,0.028296,
2017-11-11,7.5,,,,,
2017-11-12,7.5,,,,,
2017-11-13,7.5,,,,0.028296,
2017-11-14,7.5,,,,0.028296,
2017-11-15,7.5,,,,,
2017-11-16,7.5,,,,0.028296,
2017-11-17,7.5,,,,0.028296,
2017-11-18,7.5,,,,,
2017-11-19,7.5,,,,,
2017-11-20,7.5,,,,0.028296,
2017-11-21,7.5,,,,0.028296,
2017-11-22,7.5,,,,0.028296,
2017-11-23,7.5,,,,0.028296,
2017-11-24,7.5,,,,0.028296,
2017-11-25,7.5,,,,,
2017-11-26,7.5,,,,,
2017-11-27,7.5,,,,0.028296,
2017-11-28,7.5,,,,0.028296,
2017-11-29,7.5,,,,0.028296,
2017-11-30,7.5,,,,0.028296,
2017-12-01,7.5,0.44,0.89,0.26,0.028296,577921.7
2017-12-02,7.5,,,,,
2017-12-03,7.5,,,,,
2017-12-04,7.5,,,,0.028296,
2017-12-05,7.5,,,,0.028296,
2017-12-06,7.5,,,,0.028296,
2017-12-07,7.0,,,,0.026444,
2017-12-08,7.0,,,,0.026444,
2017-12-09,7.0,,,,,
2017-12-10,7.0,,,,,
2017-12-11,7.0,,,,0.026444,
2017-12-12,7.0,,,,0.026444,
2017-12-13,7.0,,,,0.026444,
2017-12-14,7.0,,,,0.026444,
2017-12-15,7.0,,,,0.026444,
2017-12-16,7.0,,,,,
2017-12-17,7.0,,,,,
2017-12-18,7.0,,,,0.026444,
2017-12-19,7.0,,,,0.026444,
2017-12-20,7.0,,,,0.026444,
2017-12-21,7.0,,,,0.026444,
2017-12-22,7.0,,,,0.026444,
2017-12-23,7.0,,,,,
2017-12-24,7.0,,,,,
2017-12-25,7.0,,,,,
2017-12-26,7.0,,,,0.026444,
2017-12-27,7.0,,,,0.026444,
2017-12-28,7.0,,,,0.026444,
2017-12-29,7.0,,,,0.026444,
2017-12-30,7.0,,,,,
2017-12-31,7.0,,,,,
2018-01-01,7.0,0.29,0.76,0.23,,552743.9
2018-01-02,7.0,,,,0.026444,
2018-01-03,7.0,,,,0.026444,
2018-01-04,7.0,,,,0.026444,
2018-01-05,7.0,,,,0.026444,
2018-01-06,7.0,,,,,
2018-01-07,7.0,,,,,
2018-01-08,7.0,,,,0.026444,
2018-01-09,7.0,,,,0.026444,
2018-01-10,7.0,,,,0.026444,
2018-01-11,7.0,,,,0.026444,
2018-01-12,7.0,,,,0.026444,
2018-01-13,7.0,,,,,
2018-01-14,7.0,,,,,
2018-01-15,7.0,,,,0.026444,
2018-01-16,7.0,,,,0.026444,
2018-01-17,7.0,,,,0.026444,
2018-01-18,7.0,,,,0.026444,
2018-01-19,7.0,,,,0.026444,
2018-01-20,7.0,,,,,
2018-01-21,7.0,,,,,
2018-01-22,7.0,,,,0.026444,
2018-01-23,7.0,,,,0.026444,
2018-01-24,7.0,,,,0.026444,
2018-01-25,7.0,,,,0.026444,
2018-01-26,7.0,,,,0.026444,
2018-01-27,7.0,,,,,
2018-01-28,7.0,,,,,
2018-01-29,7.0,,,,0.026444,
2018-01-30,7.0,,,,0.026444,
2018-01-31,7.0,,,,0.026444,
2018-02-01,7.0,0.32,0.07,0.18,0.026444,540114.7
2018-02-02,7.0,,,,0.026444,
2018-02-03,7.0,,,,,
2018-02-04,7.0,,,,,
2018-02-05,7.0,,,,0.026444,
2018-02-06,7.0,,,,0.026444,
2018-02-07,7.0,,,,0.026444,
2018-02-08,6.75,,,,0.025515,
2018-02-09,6.75,,,,0.025515,
2018-02-10,6.75,,,,,
2018-02-11,6.75,,,,,
2018-02-12,6.75,,,,,
2018-02-13,6.75,,,,,
2018-02-14,6.75,,,,0.025515,
2018-02-15,6.75,,,,0.025515,
2018-02-16,6.75,,,,0.025515,
2018-02-17,6.75,,,,,
2018-02-18,6.75,,,,,
2018-02-19,6.75,,,,0.025515,
2018-02-20,6.75,,,,0.025515,
2018-02-21,6.75,,,,0.025515,
2018-02-22,6.75,,,,0.025515,
2018-02-23,6.75,,,,0.025515,
2018-02-24,6.75,,,,,
2018-02-25,6.75,,,,,
2018-02-26,6.75,,,,0.025515,
2018-02-27,6.75,,,,0.025515,
2018-02-28,6.75,,,,0.025515,
2018-03-01,6.75,0.09,0.64,0.07,0.025515,589224.5
2018-03-02,6.75,,,,0.025515,
2018-03-03,6.75,,,,,
2018-03-04,6.75,,,,,
2018-03-05,6.75,,,,0.025515,
2018-03-06,6.75,,,,0.025515,
2018-03-07,6.75,,,,0.025515,
2018-03-08,6.75,,,,0.025515,
2018-03-09,6.75,,,,0.025515,
2018-03-10,6.75,,,,,
2018-03-11,6.75,,,,,
2018-03-12,6.75,,,,0.025515,
2018-03-13,6.75,,,,0.025515,
2018-03-14,6.75,,,,0.025515,
2018-03-15,6.75,,,,0.025515,
2018-03-16,6.75,,,,0.025515,
2018-03-17,6.75,,,,,
2018-03-18,6.75,,,,,
2018-03-19,6.75,,,,0.025515,
2018-03-20,6.75,,,,0.025515,
2018-03-21,6.75,,,,0.025515,
2018-03-22,6.5,,,,0.024583,
2018-03-23,6.5,,,,0.024583,
2018-03-24,6.5,,,,,
2018-03-25,6.5,,,,,
2018-03-26,6.5,,,,0.024583,
2018-03-27,6.5,,,,0.024583,
2018-03-28,6.5,,,,0.024583,
2018-03-29,6.5,,,,0.024583,
2018-03-30,6.5,,,,,
2018-03-31,6.5,,,,,
2018-04-01,6.5,0.22,0.57,0.21,,587632.7
2018-04-02,6.5,,,,0.024583,
2018-04-03,6.5,,,,0.024583,
2018-04-04,6.5,,,,0.024583,
2018-04-05,6.5,,,,0.024583,
2018-04-06,6.5,,,,0.024583,
2018-04-07,6.5,,,,,
2018-04-08,6.5,,,,,
2018-04-09,6.5,,,,0.024583,
2018-04-10,6.5,,,,0.024583,
2018-04-11,6.5,,,,0.024583,
2018-04-12,6.5,,,,0.024583,
2018-04-13,6.5,,,,0.024583,
2018-04-14,6.5,,,,,
2018-04-15,6.5,,,,,
2018-04-16,6.5,,,,0.024583,
2018-04-17,6.5,,,,0.024583,
2018-04-18,6.5,,,,0.024583,
2018-04-19,6.5,,,,0.024583,
2018-04-20,6.5,,,,0.024583,
2018-04-21,6.5,,,,,
2018-04-22,6.5,,,,,
2018-04-23,6.5,,,,0.024583,
2018-04-24,6.5,,,,0.024583,
2018-04-25,6.5,,,,0.024583,
2018-04-26,6.5,,,,0.024583,
2018-04-27,6.5,,,,0.024583,
2018-04-28,6.5,,,,,
2018-04-29,6.5,,,,,
2018-04-30,6.5,,,,0.024583,
2018-05-01,6.5,0.4,1.38,0.43,,562282.9
2018-05-02,6.5,,,,0.024583,
2018-05-03,6.5,,,,0.024583,
2018-05-04,6.5,,,,0.024583,
2018-05-05,6.5,,,,,
2018-05-06,6.5,,,,,
2018-05-07,6.5,,,,0.024583,
2018-05-08,6.5,,,,0.024583,
2018-05-09,6.5,,,,0.024583,
2018-05-10,6.5,,,,0.024583,
2018-05-11,6.5,,,,0.024583,
2018-05-12,6.5,,,,,
2018-05-13,6.5,,,,,
2018-05-14,6.5,,,,0.024583,
2018-05-15,6.5,,,,0.024583,
2018-05-16,6.5,,,,0.024583,
2018-05-17,6.5,,,,0.024583,
2018-05-18,6.5,,,,0.024583,
2018-05-19,6.5,,,,,
2018-05-20,6.5,,,,,
2018-05-21,6.5,,,,0.024583,
2018-05-22,6.5,,,,0.024583,
2018-05-23,6.5,,,,0.024583,
2018-05-24,6.5,,,,0.024583,
2018-05-25,6.5,,,,0.024583,
2018-05-26,6.5,,,,,
2018-05-27,6.5,,,,,
2018-05-28,6.5,,,,0.024583,
2018-05-29,6.5,,,,0.024583,
2018-05-30,6.5,,,,0.024583,
2018-05-31,6.5,,,,,
2018-06-01,6.5,1.26,1.87,1.43,0.024583,584183.4
2018-06-02,6.5,,,,,
2018-06-03,6.5,,,,,
2018-06-04,6.5,,,,0.024583,
2018-06-05,6.5,,,,0.024583,
2018-06-06,6.5,,,,0.024583,
2018-06-07,6.5,,,,0.024583,
2018-06-08,6.5,,,,0.024583,
2018-06-09,6.5,,,,,
2018-06-10,6.5,,,,,
2018-06-11,6.5,,,,0.024583,
2018-06-12,6.5,,,,0.024583,
2018-06-13,6.5,,,,0.024583,
2018-06-14,6.5,,,,0.024583,
2018-06-15,6.5,,,,0.024583,
2018-06-16,6.5,,,,,
2018-06-17,6.5,,,,,
2018-06-18,6.5,,,,0.024583,
2018-06-19,6.5,,,,0.024583,
2018-06-20,6.5,,,,0.024583,
2018-06-21,6.5,,,,0.024583,
2018-06-22,6.5,,,,0.024583,
2018-06-23,6.5,,,,,
2018-06-24,6.5,,,,,
2018-06-25,6.5,,,,0.024583,
2018-06-26,6.5,,,,0.024583,
2018-06-27,6.5,,,,0.024583,
2018-06-28,6.5,,,,0.024583,
2018-06-29,6.5,,,,0.024583,
2018-06-30,6.5,,,,,
2018-07-01,6.5,0.33,0.51,0.25,,592151.5
2018-07-02,6.5,,,,0.024583,
2018-07-03,6.5,,,,0.024583,
2018-07-04,6.5,,,,0.024583,
2018-07-05,6.5,,,,0.024583,
2018-07-06,6.5,,,,0.024583,
2018-07-07,6.5,,,,,
2018-07-08,6.5,,,,,
2018-07-09,6.5,,,,0.024583,
2018-07-10,6.5,,,,0.024583,
2018-07-11,6.5,,,,0.024583,
2018-07-12,6.5,,,,0.024583,
2018-07-13,6.5,,,,0.024583,
2018-07-14,6.5,,,,,
2018-07-15,6.5,,,,,
2018-07-16,6.5,,,,0.024583,
2018-07-17,6.5,,,,0.024583,
2018-07-18,6.5,,,,0.024583,
2018-07-19,6.5,,,,0.024583,
2018-07-20,6.5,,,,0.024583,
2018-07-21,6.5,,,,,
2018-07-22,6.5,,,,,
2018-07-23,6.5,,,,0.024583,
2018-07-24,6.5,,,,0.024583,
2018-07-25,6.5,,,,0.024583,
2018-07-26,6.5,,,,0.024583,
2018-07-27,6.5,,,,0.024583,
2018-07-28,6.5,,,,,
2018-07-29,6.5,,,,,
2018-07-30,6.5,,,,0.024583,
2018-07-31,6.5,,,,0.024583,
2018-08-01,6.5,-0.09,0.7,0.0,0.024583,599029.2
2018-08-02,6.5,,,,0.024583,
2018-08-03,6.5,,,,0.024583,
2018-08-04,6.5,,,,,
2018-08-05,6.5,,,,,
2018-08-06,6.5,,,,0.024583,
2018-08-07,6.5,,,,0.024583,
2018-08-08,6.5,,,,0.024583,
2018-08-09,6.5,,,,0.024583,
2018-08-10,6.5,,,,0.024583,
2018-08-11,6.5,,,,,
2018-08-12,6.5,,,,,
2018-08-13,6.5,,,,0.024583,
2018-08-14,6.5,,,,0.024583,
2018-08-15,6.5,,,,0.024583,
2018-08-16,6.5,,,,0.024583,
2018-08-17,6.5,,,,0.024583,
2018-08-18,6.5,,,,,
2018-08-19,6.5,,,,,
2018-08-20,6.5,,,,0.024583,
2018-08-21,6.5,,,,0.024583,
2018-08-22,6.5,,,,0.024583,
2018-08-23,6.5,,,,0.024583,
2018-08-24,6.5,,,,0.024583,
2018-08-25,6.5,,,,,
2018-08-26,6.5,,,,,
2018-08-27,6.5,,,,0.024583,
2018-08-28,6.5,,,,0.024583,
2018-08-29,6.5,,,,0.024583,
2018-08-30,6.5,,,,0.024583,
2018-08-31,6.5,,,,0.024583,
2018-09-01,6.5,0.48,1.52,0.3,,576675.0
2018-09-02,6.5,,,,,
2018-09-03,6.5,,,,0.024583,
2018-09-04,6.5,,,,0.024583,
2018-09-05,6.5,,,,0.024583,
2018-09-06,6.5,,,,0.024583,
2018-09-07,6.5,,,,,
2018-09-08,6.5,,,,,
2018-09-09,6.5,,,,,
2018-09-10,6.5,,,,0.024583,
2018-09-11,6.5,,,,0.024583,
2018-09-12,6.5,,,,0.024583,
2018-09-13,6.5,,,,0.024583,
2018-09-14,6.5,,,,0.024583,
2018-09-15,6.5,,,,,
2018-09-16,6.5,,,,,
2018-09-17,6.5,,,,0.024583,
2018-09-18,6.5,,,,0.024583,
2018-09-19,6.5,,,,0.024583,
2018-09-20,6.5,,,,0.024583,
2018-09-21,6.5,,,,0.024583,
2018-09-22,6.5,,,,,
2018-09-23,6.5,,,,,
2018-09-24,6.5,,,,0.024583,
2018-09-25,6.5,,,,0.024583,
2018-09-26,6.5,,,,0.024583,
2018-09-27,6.5,,,,0.024583,
2018-09-28,6.5,,,,0.024583,
2018-09-29,6.5,,,,,
2018-09-30,6.5,,,,,
2018-10-01,6.5,0.45,0.89,0.4,0.02462,612093.6
2018-10-02,6.5,,,,0.02462,
2018-10-03,6.5,,,,0.02462,
2018-10-04,6.5,,,,0.02462,
2018-10-05,6.5,,,,0.02462,
2018-10-06,6.5,,,,,
2018-10-07,6.5,,,,,
2018-10-08,6.5,,,,0.02462,
2018-10-09,6.5,,,,0.02462,
2018-10-10,6.5,,,,0.02462,
2018-10-11,6.5,,,,0.02462,
2018-10-12,6.5,,,,,
2018-10-13,6.5,,,,,
2018-10-14,6.5,,,,,
2018-10-15,6.5,,,,0.02462,
2018-10-16,6.5,,,,0.02462,
2018-10-17,6.5,,,,0.02462,
2018-10-18,6.5,,,,0.02462,
2018-10-19,6.5,,,,0.02462,
2018-10-20,6.5,,,,,
2018-10-21,6.5,,,,,
2018-10-22,6.5,,,,0.02462,
2018-10-23,6.5,,,,0.02462,
2018-10-24,6.5,,,,0.02462,
2018-10-25,6.5,,,,0.02462,
2018-10-26,6.5,,,,0.02462,
2018-10-27,6.5,,,,,
2018-10-28,6.5,,,,,
2018-10-29,6.5,,,,0.02462,
2018-10-30,6.5,,,,0.02462,
2018-10-31,6.5,,,,0.02462,
2018-11-01,6.5,-0.21,-0.49,-0.25,0.02462,607681.2
2018-11-02,6.5,,,,,
2018-11-03,6.5,,,,,
2018-11-04,6.5,,,,,
2018-11-05,6.5,,,,0.02462,
2018-11-06,6.5,,,,0.02462,
2018-11-07,6.5,,,,0.02462,
2018-11-08,6.5,,,,0.02462,
2018-11-09,6.5,,,,0.02462,
2018-11-10,6.5,,,,,
2018-11-11,6.5,,,,,
2018-11-12,6.5,,,,0.02462,
2018-11-13,6.5,,,,0.02462,
2018-11-14,6.5,,,,0.02462,
2018-11-15,6.5,,,,,
2018-11-16,6.5,,,,0.02462,
2018-11-17,6.5,,,,,
2018-11-18,6.5,,,,,
2018-11-19,6.5,,,,0.02462,
2018-11-20,6.5,,,,0.02462,
2018-11-21,6.5,,,,0.02462,
2018-11-22,6.5,,,,0.02462,
2018-11-23,6.5,,,,0.02462,
2018-11-24,6.5,,,,,
2018-11-25,6.5,,,,,
2018-11-26,6.5,,,,0.02462,
2018-11-27,6.5,,,,0.02462,
2018-11-28,6.5,,,,0.02462,
2018-11-29,6.5,,,,0.02462,
2018-11-30,6.5,,,,0.02462,
2018-12-01,6.5,0.15,-1.08,0.14,,600328.4
2018-12-02,6.5,,,,,
2018-12-03,6.5,,,,0.02462,
2018-12-04,6.5,,,,0.02462,
2018-12-05,6.5,,,,0.02462,
2018-12-06,6.5,,,,0.02462,
2018-12-07,6.5,,,,0.02462,
2018-12-08,6.5,,,,,
2018-12-09,6.5,,,,,
2018-12-10,6.5,,,,0.02462,
2018-12-11,6.5,,,,0.02462,
2018-12-12,6.5,,,,0.02462,
2018-12-13,6.5,,,,0.02462,
2018-12-14,6.5,,,,0.02462,
2018-12-15,6.5,,,,,
2018-12-16,6.5,,,,,
2018-12-17,6.5,,,,0.02462,
2018-12-18,6.5,,,,0.02462,
2018-12-19,6.5,,,,0.02462,
2018-12-20,6.5,,,,0.02462,
2018-12-21,6.5,,,,0.02462,
2018-12-22,6.5,,,,,
2018-12-23,6.5,,,,,
2018-12-24,6.5,,,,0.02462,
2018-12-25,6.5,,,,,
2018-12-26,6.5,,,,0.02462,
2018-12-27,6.5,,,,0.02462,
2018-12-28,6.5,,,,0.02462,
2018-12-29,6.5,,,,,
2018-12-30,6.5,,,,,
2018-12-31,6.5,,,,0.02462,
2019-01-01,6.5,0.32,0.01,0.36,,578793.1
2019-01-02,6.5,,,,0.02462,
2019-01-03,6.5,,,,0.02462,
2019-01-04,6.5,,,,0.02462,
2019-01-05,6.5,,,,,
2019-01-06,6.5,,,,,
2019-01-07,6.5,,,,0.02462,
2019-01-08,6.5,,,,0.02462,
2019-01-09,6.5,,,,0.02462,
2019-01-10,6.5,,,,0.02462,
2019-01-11,6.5,,,,0.02462,
2019-01-12,6.5,,,,,
2019-01-13,6.5,,,,,
2019-01-14,6.5,,,,0.02462,
2019-01-15,6.5,,,,0.02462,
2019-01-16,6.5,,,,0.02462,
2019-01-17,6.5,,,,0.02462,
2019-01-18,6.5,,,,0.02462,
2019-01-19,6.5,,,,,
2019-01-20,6.5,,,,,
2019-01-21,6.5,,,,0.02462,
2019-01-22,6.5,,,,0.02462,
2019-01-23,6.5,,,,0.02462,
2019-01-24,6.5,,,,0.02462,
2019-01-25,6.5,,,,0.02462,
2019-01-26,6.5,,,,,
2019-01-27,6.5,,,,,
2019-01-28,6.5,,,,0.02462,
2019-01-29,6.5,,,,0.02462,
2019-01-30,6.5,,,,0.02462,
2019-01-31,6.5,,,,0.02462,
2019-02-01,6.5,0.43,0.88,0.54,0.02462,576643.2
2019-02-02,6.5,,,,,
2019-02-03,6.5,,,,,
2019-02-04,6.5,,,,0.02462,
2019-02-05,6.5,,,,0.02462,
2019-02-06,6.5,,,,0.02462,
2019-02-07,6.5,,,,0.02462,
2019-02-08,6.5,,,,0.02462,
2019-02-09,6.5,,,,,
2019-02-10,6.5,,,,,
2019-02-11,6.5,,,,0.02462,
2019-02-12,6.5,,,,0.02462,
2019-02-13,6.5,,,,0.02462,
2019-02-14,6.5,,,,0.02462,
2019-02-15,6.5,,,,0.02462,
2019-02-16,6.5,,,,,
2019-02-17,6.5,,,,,
2019-02-18,6.5,,,,0.02462,
2019-02-19,6.5,,,,0.02462,
2019-02-20,6.5,,,,0.02462,
2019-02-21,6.5,,,,0.02462,
2019-02-22,6.5,,,,0.02462,
2019-02-23,6.5,,,,,
2019-02-24,6.5,,,,,
2019-02-25,6.5,,,,0.02462,
2019-02-26,6.5,,,,0.02462,
2019-02-27,6.5,,,,0.02462,
2019-02-28,6.5,,,,0.02462,
2019-03-01,6.5,0.75,1.26,0.77,0.02462,602117.2
2019-03-02,6.5,,,,,
2019-03-03,6.5,,,,,
2019-03-04,6.5,,,,,
2019-03-05,6.5,,,,,
2019-03-06,6.5,,,,0.02462,
2019-03-07,6.5,,,,0.02462,
2019-03-08,6.5,,,,0.02462,
2019-03-09,6.5,,,,,
2019-03-10,6.5,,,,,
2019-03-11,6.5,,,,0.02462,
2019-03-12,6.5,,,,0.02462,
2019-03-13,6.5,,,,0.02462,
2019-03-14,6.5,,,,0.02462,
2019-03-15,6.5,,,,0.02462,
2019-03-16,6.5,,,,,
2019-03-17,6.5,,,,,
2019-03-18,6.5,,,,0.02462,
2019-03-19,6.5,,,,0.02462,
2019-03-20,6.5,,,,0.02462,
2019-03-21,6.5,,,,0.02462,
2019-03-22,6.5,,,,0.02462,
2019-03-23,6.5,,,,,
2019-03-24,6.5,,,,,
2019-03-25,6.5,,,,0.02462,
2019-03-26,6.5,,,,0.02462,
2019-03-27,6.5,,,,0.02462,
2019-03-28,6.5,,,,0.02462,
2019-03-29,6.5,,,,0.02462,
2019-03-30,6.5,,,,,
2019-03-31,6.5,,,,,
2019-04-01,6.5,0.57,0.92,0.6,0.02462,613477.0
2019-04-02,6.5,,,,0.02462,
2019-04-03,6.5,,,,0.02462,
2019-04-04,6.5,,,,0.02462,
2019-04-05,6.5,,,,0.02462,
2019-04-06,6.5,,,,,
2019-04-07,6.5,,,,,
2019-04-08,6.5,,,,0.02462,
2019-04-09,6.5,,,,0.02462,
2019-04-10,6.5,,,,0.02462,
2019-04-11,6.5,,,,0.02462,
2019-04-12,6.5,,,,0.02462,
2019-04-13,6.5,,,,,
2019-04-14,6.5,,,,,
2019-04-15,6.5,,,,0.02462,
2019-04-16,6.5,,,,0.02462,
2019-04-17,6.5,,,,0.02462,
2019-04-18,6.5,,,,0.02462,
2019-04-19,6.5,,,,,
2019-04-20,6.5,,,,,
2019-04-21,6.5,,,,,
2019-04-22,6.5,,,,0.02462,
2019-04-23,6.5,,,,0.02462,
2019-04-24,6.5,,,,0.02462,
2019-04-25,6.5,,,,0.02462,
2019-04-26,6.5,,,,0.02462,
2019-04-27,6.5,,,,,
2019-04-28,6.5,,,,,
2019-04-29,6.5,,,,0.02462,
2019-04-30,6.5,,,,0.02462,
2019-05-01,6.5,0.13,0.45,0.15,,615845.9
2019-05-02,6.5,,,,0.02462,
2019-05-03,6.5,,,,0.02462,
2019-05-04,6.5,,,,,
2019-05-05,6.5,,,,,
2019-05-06,6.5,,,,0.02462,
2019-05-07,6.5,,,,0.02462,
2019-05-08,6.5,,,,0.02462,
2019-05-09,6.5,,,,0.02462,
2019-05-10,6.5,,,,0.02462,
2019-05-11,6.5,,,,,
2019-05-12,6.5,,,,,
2019-05-13,6.5,,,,0.02462,
2019-05-14,6.5,,,,0.02462,
2019-05-15,6.5,,,,0.02462,
2019-05-16,6.5,,,,0.02462,
2019-05-17,6.5,,,,0.02462,
2019-05-18,6.5,,,,,
2019-05-19,6.5,,,,,
2019-05-20,6.5,,,,0.02462,
2019-05-21,6.5,,,,0.02462,
2019-05-22,6.5,,,,0.02462,
2019-05-23,6.5,,,,0.02462,
2019-05-24,6.5,,,,0.02462,
2019-05-25,6.5,,,,,
2019-05-26,6.5,,,,,
2019-05-27,6.5,,,,0.02462,
2019-05-28,6.5,,,,0.02462,
2019-05-29,6.5,,,,0.02462,
2019-05-30,6.5,,,,0.02462,
2019-05-31,6.5,,,,0.02462,
2019-06-01,6.5,0.01,0.8,0.01,,597438.3
2019-06-02,6.5,,,,,
2019-06-03,6.5,,,,0.02462,
2019-06-04,6.5,,,,0.02462,
2019-06-05,6.5,,,,0.02462,
2019-06-06,6.5,,,,0.02462,
2019-06-07,6.5,,,,0.02462,
2019-06-08,6.5,,,,,
2019-06-09,6.5,,,,,
2019-06-10,6.5,,,,0.02462,
2019-06-11,6.5,,,,0.02462,
2019-06-12,6.5,,,,0.02462,
2019-06-13,6.5,,,,0.02462,
2019-06-14,6.5,,,,0.02462,
2019-06-15,6.5,,,,,
2019-06-16,6.5,,,,,
2019-06-17,6.5,,,,0.02462,
2019-06-18,6.5,,,,0.02462,
2019-06-19,6.5,,,,0.02462,
2019-06-20,6.5,,,,,
2019-06-21,6.5,,,,0.02462,
2019-06-22,6.5,,,,,
2019-06-23,6.5,,,,,
2019-06-24,6.5,,,,0.02462,
2019-06-25,6.5,,,,0.02462,
2019-06-26,6.5,,,,0.02462,
2019-06-27,6.5,,,,0.02462,
2019-06-28,6.5,,,,0.02462,
2019-06-29,6.5,,,,,
2019-06-30,6.5,,,,,
2019-07-01,6.5,0.19,0.4,0.1,0.02462,632164.0
2019-07-02,6.5,,,,0.02462,
2019-07-03,6.5,,,,0.02462,
2019-07-04,6.5,,,,0.02462,
2019-07-05,6.5,,,,0.02462,
2019-07-06,6.5,,,,,
2019-07-07,6.5,,,,,
2019-07-08,6.5,,,,0.02462,
2019-07-09,6.5,,,,0.02462,
2019-07-10,6.5,,,,0.02462,
2019-07-11,6.5,,,,0.02462,
2019-07-12,6.5,,,,0.02462,
2019-07-13,6.5,,,,,
2019-07-14,6.5,,,,,
2019-07-15,6.5,,,,0.02462,
2019-07-16,6.5,,,,0.02462,
2019-07-17,6.5,,,,0.02462,
2019-07-18,6.5,,,,0.02462,
2019-07-19,6.5,,,,0.02462,
2019-07-20,6.5,,,,,
2019-07-21,6.5,,,,,
2019-07-22,6.5,,,,0.02462,
2019-07-23,6.5,,,,0.02462,
2019-07-24,6.5,,,,0.02462,
2019-07-25,6.5,,,,0.02462,
2019-07-26,6.5,,,,0.02462,
2019-07-27,6.5,,,,,
2019-07-28,6.5,,,,,
2019-07-29,6.5,,,,0.02462,
2019-07-30,6.5,,,,0.02462,
2019-07-31,6.5,,,,0.02462,
2019-08-01,6.0,0.11,-0.67,0.12,0.022751,629542.2
2019-08-02,6.0,,,,0.022751,
2019-08-03,6.0,,,,,
2019-08-04,6.0,,,,,
2019-08-05,6.0,,,,0.022751,
2019-08-06,6.0,,,,0.022751,
2019-08-07,6.0,,,,0.022751,
2019-08-08,6.0,,,,0.022751,
2019-08-09,6.0,,,,0.022751,
2019-08-10,6.0,,,,,
2019-08-11,6.0,,,,,
2019-08-12,6.0,,,,0.022751,
2019-08-13,6.0,,,,0.022751,
2019-08-14,6.0,,,,0.022751,
2019-08-15,6.0,,,,0.022751,
2019-08-16,6.0,,,,0.022751,
2019-08-17,6.0,,,,,
2019-08-18,6.0,,,,,
2019-08-19,6.0,,,,0.022751,
2019-08-20,6.0,,,,0.022751,
2019-08-21,6.0,,,,0.022751,
2019-08-22,6.0,,,,0.022751,
2019-08-23,6.0,,,,0.022751,
2019-08-24,6.0,,,,,
2019-08-25,6.0,,,,,
2019-08-26,6.0,,,,0.022751,
2019-08-27,6.0,,,,0.022751,
2019-08-28,6.0,,,,0.022751,
2019-08-29,6.0,,,,0.022751,
2019-08-30,6.0,,,,0.022751,
2019-08-31,6.0,,,,,
2019-09-01,6.0,-0.04,-0.01,-0.05,,618904.0
2019-09-02,6.0,,,,0.022751,
2019-09-03,6.0,,,,0.022751,
2019-09-04,6.0,,,,0.022751,
2019-09-05,6.0,,,,0.022751,
2019-09-06,6.0,,,,0.022751,
2019-09-07,6.0,,,,,
2019-09-08,6.0,,,,,
2019-09-09,6.0,,,,0.022751,
2019-09-10,6.0,,,,0.022751,
2019-09-11,6.0,,,,0.022751,
2019-09-12,6.0,,,,0.022751,
2019-09-13,6.0,,,,0.022751,
2019-09-14,6.0,,,,,
2019-09-15,6.0,,,,,
2019-09-16,6.0,,,,0.022751,
2019-09-17,6.0,,,,0.022751,
2019-09-18,6.0,,,,0.022751,
2019-09-19,5.5,,,,0.020872,
2019-09-20,5.5,,,,0.020872,
2019-09-21,5.5,,,,,
2019-09-22,5.5,,,,,
2019-09-23,5.5,,,,0.020872,
2019-09-24,5.5,,,,0.020872,
2019-09-25,5.5,,,,0.020872,
2019-09-26,5.5,,,,0.020872,
2019-09-27,5.5,,,,0.020872,
2019-09-28,5.5,,,,,
2019-09-29,5.5,,,,,
2019-09-30,5.5,,,,0.020872,
2019-10-01,5.5,0.1,0.68,0.04,0.020872,649552.2
2019-10-02,5.5,,,,0.020872,
2019-10-03,5.5,,,,0.020872,
2019-10-04,5.5,,,,0.020872,
2019-10-05,5.5,,,,,
2019-10-06,5.5,,,,,
2019-10-07,5.5,,,,0.020872,
2019-10-08,5.5,,,,0.020872,
2019-10-09,5.5,,,,0.020872,
2019-10-10,5.5,,,,0.020872,
2019-10-11,5.5,,,,0.020872,
2019-10-12,5.5,,,,,
2019-10-13,5.5,,,,,
2019-10-14,5.5,,,,0.020872,
2019-10-15,5.5,,,,0.020872,
2019-10-16,5.5,,,,0.020872,
2019-10-17,5.5,,,,0.020872,
2019-10-18,5.5,,,,0.020872,
2019-10-19,5.5,,,,,
2019-10-20,5.5,,,,,
2019-10-21,5.5,,,,0.020872,
2019-10-22,5.5,,,,0.020872,
2019-10-23,5.5,,,,0.020872,
2019-10-24,5.5,,,,0.020872,
2019-10-25,5.5,,,,0.020872,
2019-10-26,5.5,,,,,
2019-10-27,5.5,,,,,
2019-10-28,5.5,,,,0.020872,
2019-10-29,5.5,,,,0.020872,
2019-10-30,5.5,,,,0.020872,
2019-10-31,5.0,,,,0.018985,
2019-11-01,5.0,0.51,0.3,0.54,0.018985,638004.6
2019-11-02,5.0,,,,,
2019-11-03,5.0,,,,,
2019-11-04,5.0,,,,0.018985,
2019-11-05,5.0,,,,0.018985,
2019-11-06,5.0,,,,0.018985,
2019-11-07,5.0,,,,0.018985,
2019-11-08,5.0,,,,0.018985,
2019-11-09,5.0,,,,,
2019-11-10,5.0,,,,,
2019-11-11,5.0,,,,0.018985,
2019-11-12,5.0,,,,0.018985,
2019-11-13,5.0,,,,0.018985,
2019-11-14,5.0,,,,0.018985,
2019-11-15,5.0,,,,,
2019-11-16,5.0,,,,,
2019-11-17,5.0,,,,,
2019-11-18,5.0,,,,0.018985,
2019-11-19,5.0,,,,0.018985,
2019-11-20,5.0,,,,0.018985,
2019-11-21,5.0,,,,0.018985,
2019-11-22,5.0,,,,0.018985,
2019-11-23,5.0,,,,,
2019-11-24,5.0,,,,,
2019-11-25,5.0,,,,0.018985,
2019-11-26,5.0,,,,0.018985,
2019-11-27,5.0,,,,0.018985,
2019-11-28,5.0,,,,0.018985,
2019-11-29,5.0,,,,0.018985,
2019-11-30,5.0,,,,,
2019-12-01,5.0,1.15,2.09,1.22,,636649.2
2019-12-02,5.0,,,,0.018985,
2019-12-03,5.0,,,,0.018985,
2019-12-04,5.0,,,,0.018985,
2019-12-05,5.0,,,,0.018985,
2019-12-06,5.0,,,,0.018985,
2019-12-07,5.0,,,,,
2019-12-08,5.0,,,,,
2019-12-09,5.0,,,,0.018985,
2019-12-10,5.0,,,,0.018985,
2019-12-11,5.0,,,,0.018985,
2019-12-12,4.5,,,,0.017089,
2019-12-13,4.5,,,,0.017089,
2019-12-14,4.5,,,,,
2019-12-15,4.5,,,,,
2019-12-16,4.5,,,,0.017089,
2019-12-17,4.5,,,,0.017089,
2019-12-18,4.5,,,,0.017089,
2019-12-19,4.5,,,,0.017089,
2019-12-20,4.5,,,,0.017089,
2019-12-21,4.5,,,,,
2019-12-22,4.5,,,,,
2019-12-23,4.5,,,,0.017089,
2019-12-24,4.5,,,,0.017089,
2019-12-25,4.5,,,,,
2019-12-26,4.5,,,,0.017089,
2019-12-27,4.5,,,,0.017089,
2019-12-28,4.5,,,,,
2019-12-29,4.5,,,,,
2019-12-30,4.5,,,,0.017089,
2019-12-31,4.5,,,,0.017089,
2020-01-01,4.5,0.21,0.48,0.19,,613970.5
2020-01-02,4.5,,,,0.017089,
2020-01-03,4.5,,,,0.017089,
2020-01-04,4.5,,,,,
2020-01-05,4.5,,,,,
2020-01-06,4.5,,,,0.017089,
2020-01-07,4.5,,,,0.017089,
2020-01-08,4.5,,,,0.017089,
2020-01-09,4.5,,,,0.017089,
2020-01-10,4.5,,,,0.017089,
2020-01-11,4.5,,,,,
2020-01-12,4.5,,,,,
2020-01-13,4.5,,,,0.017089,
2020-01-14,4.5,,,,0.017089,
2020-01-15,4.5,,,,0.017089,
2020-01-16,4.5,,,,0.017089,
2020-01-17,4.5,,,,0.017089,
2020-01-18,4.5,,,,,
2020-01-19,4.5,,,,,
2020-01-20,4.5,,,,0.017089,
2020-01-21,4.5,,,,0.017089,
2020-01-22,4.5,,,,0.017089,
2020-01-23,4.5,,,,0.017089,
2020-01-24,4.5,,,,0.017089,
2020-01-25,4.5,,,,,
2020-01-26,4.5,,,,,
2020-01-27,4.5,,,,0.017089,
2020-01-28,4.5,,,,0.017089,
2020-01-29,4.5,,,,0.017089,
2020-01-30,4.5,,,,0.017089,
2020-01-31,4.5,,,,0.017089,
2020-02-01,4.5,0.25,-0.04,0.17,,618276.0
2020-02-02,4.5,,,,,
2020-02-03,4.5,,,,0.017089,
2020-02-04,4.5,,,,0.017089,
2020-02-05,4.5,,,,0.017089,
2020-02-06,4.25,,,,0.016137,
2020-02-07,4.25,,,,0.016137,
2020-02-08,4.25,,,,,
2020-02-09,4.25,,,,,
2020-02-10,4.25,,,,0.016137,
2020-02-11,4.25,,,,0.016137,
2020-02-12,4.25,,,,0.016137,
2020-02-13,4.25,,,,0.016137,
2020-02-14,4.25,,,,0.016137,
2020-02-15,4.25,,,,,
2020-02-16,4.25,,,,,
2020-02-17,4.25,,,,0.016137,
2020-02-18,4.25,,,,0.016137,
2020-02-19,4.25,,,,0.016137,
2020-02-20,4.25,,,,0.016137,
2020-02-21,4.25,,,,0.016137,
2020-02-22,4.25,,,,,
2020-02-23,4.25,,,,,
2020-02-24,4.25,,,,,
2020-02-25,4.25,,,,,
2020-02-26,4.25,,,,0.016137,
2020-02-27,4.25,,,,0.016137,
2020-02-28,4.25,,,,0.016137,
2020-02-29,4.25,,,,,
2020-03-01,4.25,0.07,1.24,0.18,,635848.1
2020-03-02,4.25,,,,0.016137,
2020-03-03,4.25,,,,0.016137,
2020-03-04,4.25,,,,0.016137,
2020-03-05,4.25,,,,0.016137,
2020-03-06,4.25,,,,0.016137,
2020-03-07,4.25,,,,,
2020-03-08,4.25,,,,,
2020-03-09,4.25,,,,0.016137,
2020-03-10,4.25,,,,0.016137,
2020-03-11,4.25,,,,0.016137,
2020-03-12,4.25,,,,0.016137,
2020-03-13,4.25,,,,0.016137,
2020-03-14,4.25,,,,,
2020-03-15,4.25,,,,,
2020-03-16,4.25,,,,0.016137,
2020-03-17,4.25,,,,0.016137,
2020-03-18,4.25,,,,0.016137,
2020-03-19,3.75,,,,0.014227,
2020-03-20,3.75,,,,0.014227,
2020-03-21,3.75,,,,,
2020-03-22,3.75,,,,,
2020-03-23,3.75,,,,0.014227,
2020-03-24,3.75,,,,0.014227,
2020-03-25,3.75,,,,0.014227,
2020-03-26,3.75,,,,0.014227,
2020-03-27,3.75,,,,0.014227,
2020-03-28,3.75,,,,,
2020-03-29,3.75,,,,,
2020-03-30,3.75,,,,0.014227,
2020-03-31,3.75,,,,0.014227,
2020-04-01,3.75,-0.31,0.8,-0.23,0.014227,568010.2
2020-04-02,3.75,,,,0.014227,
2020-04-03,3.75,,,,0.014227,
2020-04-04,3.75,,,,,
2020-04-05,3.75,,,,,
2020-04-06,3.75,,,,0.014227,
2020-04-07,3.75,,,,0.014227,
2020-04-08,3.75,,,,0.014227,
2020-04-09,3.75,,,,0.014227,
2020-04-10,3.75,,,,,
2020-04-11,3.75,,,,,
2020-04-12,3.75,,,,,
2020-04-13,3.75,,,,0.014227,
2020-04-14,3.75,,,,0.014227,
2020-04-15,3.75,,,,0.014227,
2020-04-16,3.75,,,,0.014227,
2020-04-17,3.75,,,,0.014227,
2020-04-18,3.75,,,,,
2020-04-19,3.75,,,,,
2020-04-20,3.75,,,,0.014227,
2020-04-21,3.75,,,,,
2020-04-22,3.75,,,,0.014227,
2020-04-23,3.75,,,,0.014227,
2020-04-24,3.75,,,,0.014227,
2020-04-25,3.75,,,,,
2020-04-26,3.75,,,,,
2020-04-27,3.75,,,,0.014227,
2020-04-28,3.75,,,,0.014227,
2020-04-29,3.75,,,,0.014227,
2020-04-30,3.75,,,,0.014227,
2020-05-01,3.75,-0.38,0.28,-0.25,,577576.1
2020-05-02,3.75,,,,,
2020-05-03,3.75,,,,,
2020-05-04,3.75,,,,0.014227,
2020-05-05,3.75,,,,0.014227,
2020-05-06,3.75,,,,0.014227,
2020-05-07,3.0,,,,0.011345,
2020-05-08,3.0,,,,0.011345,
2020-05-09,3.0,,,,,
2020-05-10,3.0,,,,,
2020-05-11,3.0,,,,0.011345,
2020-05-12,3.0,,,,0.011345,
2020-05-13,3.0,,,,0.011345,
2020-05-14,3.0,,,,0.011345,
2020-05-15,3.0,,,,0.011345,
2020-05-16,3.0,,,,,
2020-05-17,3.0,,,,,
2020-05-18,3.0,,,,0.011345,
2020-05-19,3.0,,,,0.011345,
2020-05-20,3.0,,,,0.011345,
2020-05-21,3.0,,,,0.011345,
2020-05-22,3.0,,,,0.011345,
2020-05-23,3.0,,,,,
2020-05-24,3.0,,,,,
2020-05-25,3.0,,,,0.011345,
2020-05-26,3.0,,,,0.011345,
2020-05-27,3.0,,,,0.011345,
2020-05-28,3.0,,,,0.011345,
2020-05-29,3.0,,,,0.011345,
2020-05-30,3.0,,,,,
2020-05-31,3.0,,,,,
2020-06-01,3.0,0.26,1.56,0.3,0.011345,607137.3
2020-06-02,3.0,,,,0.011345,
2020-06-03,3.0,,,,0.011345,
2020-06-04,3.0,,,,0.011345,
2020-06-05,3.0,,,,0.011345,
2020-06-06,3.0,,,,,
2020-06-07,3.0,,,,,
2020-06-08,3.0,,,,0.011345,
2020-06-09,3.0,,,,0.011345,
2020-06-10,3.0,,,,0.011345,
2020-06-11,3.0,,,,,
2020-06-12,3.0,,,,0.011345,
2020-06-13,3.0,,,,,
2020-06-14,3.0,,,,,
2020-06-15,3.0,,,,0.011345,
2020-06-16,3.0,,,,0.011345,
2020-06-17,3.0,,,,0.011345,
2020-06-18,2.25,,,,0.008442,
2020-06-19,2.25,,,,0.008442,
2020-06-20,2.25,,,,,
2020-06-21,2.25,,,,,
2020-06-22,2.25,,,,0.008442,
2020-06-23,2.25,,,,0.008442,
2020-06-24,2.25,,,,0.008442,
2020-06-25,2.25,,,,0.008442,
2020-06-26,2.25,,,,0.008442,
2020-06-27,2.25,,,,,
2020-06-28,2.25,,,,,
2020-06-29,2.25,,,,0.008442,
2020-06-30,2.25,,,,0.008442,
2020-07-01,2.25,0.36,2.23,0.44,0.008442,643887.2
2020-07-02,2.25,,,,0.008442,
2020-07-03,2.25,,,,0.008442,
2020-07-04,2.25,,,,,
2020-07-05,2.25,,,,,
2020-07-06,2.25,,,,0.008442,
2020-07-07,2.25,,,,0.008442,
2020-07-08,2.25,,,,0.008442,
2020-07-09,2.25,,,,0.008442,
2020-07-10,2.25,,,,0.008442,
2020-07-11,2.25,,,,,
2020-07-12,2.25,,,,,
2020-07-13,2.25,,,,0.008442,
2020-07-14,2.25,,,,0.008442,
2020-07-15,2.25,,,,0.008442,
2020-07-16,2.25,,,,0.008442,
2020-07-17,2.25,,,,0.008442,
2020-07-18,2.25,,,,,
2020-07-19,2.25,,,,,
2020-07-20,2.25,,,,0.008442,
2020-07-21,2.25,,,,0.008442,
2020-07-22,2.25,,,,0.008442,
2020-07-23,2.25,,,,0.008442,
2020-07-24,2.25,,,,0.008442,
2020-07-25,2.25,,,,,
2020-07-26,2.25,,,,,
2020-07-27,2.25,,,,0.008442,
2020-07-28,2.25,,,,0.008442,
2020-07-29,2.25,,,,0.008442,
2020-07-30,2.25,,,,0.008442,
2020-07-31,2.25,,,,0.008442,
2020-08-01,2.25,0.24,2.74,0.36,,637395.7
2020-08-02,2.25,,,,,
2020-08-03,2.25,,,,0.008442,
2020-08-04,2.25,,,,0.008442,
2020-08-05,2.25,,,,0.008442,
2020-08-06,2.0,,,,0.007469,
2020-08-07,2.0,,,,0.007469,
2020-08-08,2.0,,,,,
2020-08-09,2.0,,,,,
2020-08-10,2.0,,,,0.007469,
2020-08-11,2.0,,,,0.007469,
2020-08-12,2.0,,,,0.007469,
2020-08-13,2.0,,,,0.007469,
2020-08-14,2.0,,,,0.007469,
2020-08-15,2.0,,,,,
2020-08-16,2.0,,,,,
2020-08-17,2.0,,,,0.007469,
2020-08-18,2.0,,,,0.007469,
2020-08-19,2.0,,,,0.007469,
2020-08-20,2.0,,,,0.007469,
2020-08-21,2.0,,,,0.007469,
2020-08-22,2.0,,,,,
2020-08-23,2.0,,,,,
2020-08-24,2.0,,,,0.007469,
2020-08-25,2.0,,,,0.007469,
2020-08-26,2.0,,,,0.007469,
2020-08-27,2.0,,,,0.007469,
2020-08-28,2.0,,,,0.007469,
2020-08-29,2.0,,,,,
2020-08-30,2.0,,,,,
2020-08-31,2.0,,,,0.007469,
2020-09-01,2.0,0.64,4.34,0.87,0.007469,648040.5
2020-09-02,2.0,,,,0.007469,
2020-09-03,2.0,,,,0.007469,
2020-09-04,2.0,,,,0.007469,
2020-09-05,2.0,,,,,
2020-09-06,2.0,,,,,
2020-09-07,2.0,,,,,
2020-09-08,2.0,,,,0.007469,
2020-09-09,2.0,,,,0.007469,
2020-09-10,2.0,,,,0.007469,
2020-09-11,2.0,,,,0.007469,
2020-09-12,2.0,,,,,
2020-09-13,2.0,,,,,
2020-09-14,2.0,,,,0.007469,
2020-09-15,2.0,,,,0.007469,
2020-09-16,2.0,,,,0.007469,
2020-09-17,2.0,,,,0.007469,
2020-09-18,2.0,,,,0.007469,
2020-09-19,2.0,,,,,
2020-09-20,2.0,,,,,
2020-09-21,2.0,,,,0.007469,
2020-09-22,2.0,,,,0.007469,
2020-09-23,2.0,,,,0.007469,
2020-09-24,2.0,,,,0.007469,
2020-09-25,2.0,,,,0.007469,
2020-09-26,2.0,,,,,
2020-09-27,2.0,,,,,
2020-09-28,2.0,,,,0.007469,
2020-09-29,2.0,,,,0.007469,
2020-09-30,2.0,,,,0.007469,
2020-10-01,2.0,0.86,3.23,0.89,0.007469,673438.5
2020-10-02,2.0,,,,0.007469,
2020-10-03,2.0,,,,,
2020-10-04,2.0,,,,,
2020-10-05,2.0,,,,0.007469,
2020-10-06,2.0,,,,0.007469,
2020-10-07,2.0,,,,0.007469,
2020-10-08,2.0,,,,0.007469,
2020-10-09,2.0,,,,0.007469,
2020-10-10,2.0,,,,,
2020-10-11,2.0,,,,,
2020-10-12,2.0,,,,,
2020-10-13,2.0,,,,0.007469,
2020-10-14,2.0,,,,0.007469,
2020-10-15,2.0,,,,0.007469,
2020-10-16,2.0,,,,0.007469,
2020-10-17,2.0,,,,,
2020-10-18,2.0,,,,,
2020-10-19,2.0,,,,0.007469,
2020-10-20,2.0,,,,0.007469,
2020-10-21,2.0,,,,0.007469,
2020-10-22,2.0,,,,0.007469,
2020-10-23,2.0,,,,0.007469,
2020-10-24,2.0,,,,,
2020-10-25,2.0,,,,,
2020-10-26,2.0,,,,0.007469,
2020-10-27,2.0,,,,0.007469,
2020-10-28,2.0,,,,0.007469,
2020-10-29,2.0,,,,0.007469,
2020-10-30,2.0,,,,0.007469,
2020-10-31,2.0,,,,,
2020-11-01,2.0,0.89,3.28,0.95,,680070.6
2020-11-02,2.0,,,,,
2020-11-03,2.0,,,,0.007469,
2020-11-04,2.0,,,,0.007469,
2020-11-05,2.0,,,,0.007469,
2020-11-06,2.0,,,,0.007469,
2020-11-07,2.0,,,,,
2020-11-08,2.0,,,,,
2020-11-09,2.0,,,,0.007469,
2020-11-10,2.0,,,,0.007469,
2020-11-11,2.0,,,,0.007469,
2020-11-12,2.0,,,,0.007469,
2020-11-13,2.0,,,,0.007469,
2020-11-14,2.0,,,,,
2020-11-15,2.0,,,,,
2020-11-16,2.0,,,,0.007469,
2020-11-17,2.0,,,,0.007469,
2020-11-18,2.0,,,,0.007469,
2020-11-19,2.0,,,,0.007469,
2020-11-20,2.0,,,,0.007469,
2020-11-21,2.0,,,,,
2020-11-22,2.0,,,,,
2020-11-23,2.0,,,,0.007469,
2020-11-24,2.0,,,,0.007469,
2020-11-25,2.0,,,,0.007469,
2020-11-26,2.0,,,,0.007469,
2020-11-27,2.0,,,,0.007469,
2020-11-28,2.0,,,,,
2020-11-29,2.0,,,,,
2020-11-30,2.0,,,,0.007469,
2020-12-01,2.0,1.35,0.96,1.46,0.007469,705946.3
2020-12-02,2.0,,,,0.007469,
2020-12-03,2.0,,,,0.007469,
2020-12-04,2.0,,,,0.007469,
2020-12-05,2.0,,,,,
2020-12-06,2.0,,,,,
2020-12-07,2.0,,,,0.007469,
2020-12-08,2.0,,,,0.007469,
2020-12-09,2.0,,,,0.007469,
2020-12-10,2.0,,,,0.007469,
2020-12-11,2.0,,,,0.007469,
2020-12-12,2.0,,,,,
2020-12-13,2.0,,,,,
2020-12-14,2.0,,,,0.007469,
2020-12-15,2.0,,,,0.007469,
2020-12-16,2.0,,,,0.007469,
2020-12-17,2.0,,,,0.007469,
2020-12-18,2.0,,,,0.007469,
2020-12-19,2.0,,,,,
2020-12-20,2.0,,,,,
2020-12-21,2.0,,,,0.007469,
2020-12-22,2.0,,,,0.007469,
2020-12-23,2.0,,,,0.007469,
2020-12-24,2.0,,,,0.007469,
2020-12-25,2.0,,,,,
2020-12-26,2.0,,,,,
2020-12-27,2.0,,,,,
2020-12-28,2.0,,,,0.007469,
2020-12-29,2.0,,,,0.007469,
2020-12-30,2.0,,,,0.007469,
2020-12-31,2.0,,,,0.007469,
2021-01-01,2.0,0.25,2.58,0.27,,678768.4
2021-01-02,2.0,,,,,
2021-01-03,2.0,,,,,
2021-01-04,2.0,,,,0.007469,
2021-01-05,2.0,,,,0.007469,
2021-01-06,2.0,,,,0.007469,
2021-01-07,2.0,,,,0.007469,
2021-01-08,2.0,,,,0.007469,
2021-01-09,2.0,,,,,
2021-01-10,2.0,,,,,
2021-01-11,2.0,,,,0.007469,
2021-01-12,2.0,,,,0.007469,
2021-01-13,2.0,,,,0.007469,
2021-01-14,2.0,,,,0.007469,
2021-01-15,2.0,,,,0.007469,
2021-01-16,2.0,,,,,
2021-01-17,2.0,,,,,
2021-01-18,2.0,,,,0.007469,
2021-01-19,2.0,,,,0.007469,
2021-01-20,2.0,,,,0.007469,
2021-01-21,2.0,,,,0.007469,
2021-01-22,2.0,,,,0.007469,
2021-01-23,2.0,,,,,
2021-01-24,2.0,,,,,
2021-01-25,2.0,,,,0.007469,
2021-01-26,2.0,,,,0.007469,
2021-01-27,2.0,,,,0.007469,
2021-01-28,2.0,,,,0.007469,
2021-01-29,2.0,,,,0.007469,
2021-01-30,2.0,,,,,
2021-01-31,2.0,,,,,
2021-02-01,2.0,0.86,2.53,0.82,0.007469,707393.4
2021-02-02,2.0,,,,0.007469,
2021-02-03,2.0,,,,0.007469,
2021-02-04,2.0,,,,0.007469,
2021-02-05,2.0,,,,0.007469,
2021-02-06,2.0,,,,,
2021-02-07,2.0,,,,,
2021-02-08,2.0,,,,0.007469,
2021-02-09,2.0,,,,0.007469,
2021-02-10,2.0,,,,0.007469,
2021-02-11,2.0,,,,0.007469,
2021-02-12,2.0,,,,0.007469,
2021-02-13,2.0,,,,,
2021-02-14,2.0,,,,,
2021-02-15,2.0,,,,,
2021-02-16,2.0,,,,,
2021-02-17,2.0,,,,0.007469,
2021-02-18,2.0,,,,0.007469,
2021-02-19,2.0,,,,0.007469,
2021-02-20,2.0,,,,,
2021-02-21,2.0,,,,,
2021-02-22,2.0,,,,0.007469,
2021-02-23,2.0,,,,0.007469,
2021-02-24,2.0,,,,0.007469,
2021-02-25,2.0,,,,0.007469,
2021-02-26,2.0,,,,0.007469,
2021-02-27,2.0,,,,,
2021-02-28,2.0,,,,,
2021-03-01,2.0,0.93,2.94,0.86,0.007469,770508.4
2021-03-02,2.0,,,,0.007469,
2021-03-03,2.0,,,,0.007469,
2021-03-04,2.0,,,,0.007469,
2021-03-05,2.0,,,,0.007469,
2021-03-06,2.0,,,,,
2021-03-07,2.0,,,,,
2021-03-08,2.0,,,,0.007469,
2021-03-09,2.0,,,,0.007469,
2021-03-10,2.0,,,,0.007469,
2021-03-11,2.0,,,,0.007469,
2021-03-12,2.0,,,,0.007469,
2021-03-13,2.0,,,,,
2021-03-14,2.0,,,,,
2021-03-15,2.0,,,,0.007469,
2021-03-16,2.0,,,,0.007469,
2021-03-17,2.0,,,,0.007469,
2021-03-18,2.75,,,,0.010379,
2021-03-19,2.75,,,,0.010379,
2021-03-20,2.75,,,,,
2021-03-21,2.75,,,,,
2021-03-22,2.75,,,,0.010379,
2021-03-23,2.75,,,,0.010379,
2021-03-24,2.75,,,,0.010379,
2021-03-25,2.75,,,,0.010379,
2021-03-26,2.75,,,,0.010379,
2021-03-27,2.75,,,,,
2021-03-28,2.75,,,,,
2021-03-29,2.75,,,,0.010379,
2021-03-30,2.75,,,,0.010379,
2021-03-31,2.75,,,,0.010379,
2021-04-01,2.75,0.31,1.51,0.38,0.010379,738474.6
2021-04-02,2.75,,,,,
2021-04-03,2.75,,,,,
2021-04-04,2.75,,,,,
2021-04-05,2.75,,,,0.010379,
2021-04-06,2.75,,,,0.010379,
2021-04-07,2.75,,,,0.010379,
2021-04-08,2.75,,,,0.010379,
2021-04-09,2.75,,,,0.010379,
2021-04-10,2.75,,,,,
2021-04-11,2.75,,,,,
2021-04-12,2.75,,,,0.010379,
2021-04-13,2.75,,,,0.010379,
2021-04-14,2.75,,,,0.010379,
2021-04-15,2.75,,,,0.010379,
2021-04-16,2.75,,,,0.010379,
2021-04-17,2.75,,,,,
2021-04-18,2.75,,,,,
2021-04-19,2.75,,,,0.010379,
2021-04-20,2.75,,,,0.010379,
2021-04-21,2.75,,,,,
2021-04-22,2.75,,,,0.010379,
2021-04-23,2.75,,,,0.010379,
2021-04-24,2.75,,,,,
2021-04-25,2.75,,,,,
2021-04-26,2.75,,,,0.010379,
2021-04-27,2.75,,,,0.010379,
2021-04-28,2.75,,,,0.010379,
2021-04-29,2.75,,,,0.010379,
2021-04-30,2.75,,,,0.010379,
2021-05-01,2.75,0.83,4.1,0.96,,731730.0
2021-05-02,2.75,,,,,
2021-05-03,2.75,,,,0.010379,
2021-05-04,2.75,,,,0.010379,
2021-05-05,2.75,,,,0.010379,
2021-05-06,3.5,,,,0.013269,
2021-05-07,3.5,,,,0.013269,
2021-05-08,3.5,,,,,
2021-05-09,3.5,,,,,
2021-05-10,3.5,,,,0.013269,
2021-05-11,3.5,,,,0.013269,
2021-05-12,3.5,,,,0.013269,
2021-05-13,3.5,,,,0.013269,
2021-05-14,3.5,,,,0.013269,
2021-05-15,3.5,,,,,
2021-05-16,3.5,,,,,
2021-05-17,3.5,,,,0.013269,
2021-05-18,3.5,,,,0.013269,
2021-05-19,3.5,,,,0.013269,
2021-05-20,3.5,,,,0.013269,
2021-05-21,3.5,,,,0.013269,
2021-05-22,3.5,,,,,
2021-05-23,3.5,,,,,
2021-05-24,3.5,,,,0.013269,
2021-05-25,3.5,,,,0.013269,
2021-05-26,3.5,,,,0.013269,
2021-05-27,3.5,,,,0.013269,
2021-05-28,3.5,,,,0.013269,
2021-05-29,3.5,,,,,
2021-05-30,3.5,,,,,
2021-05-31,3.5,,,,0.013269,
2021-06-01,3.5,0.53,0.6,0.6,0.013269,733434.1
2021-06-02,3.5,,,,0.013269,
2021-06-03,3.5,,,,,
2021-06-04,3.5,,,,0.013269,
2021-06-05,3.5,,,,,
2021-06-06,3.5,,,,,
2021-06-07,3.5,,,,0.013269,
2021-06-08,3.5,,,,0.013269,
2021-06-09,3.5,,,,0.013269,
2021-06-10,3.5,,,,0.013269,
2021-06-11,3.5,,,,0.013269,
2021-06-12,3.5,,,,,
2021-06-13,3.5,,,,,
2021-06-14,3.5,,,,0.013269,
2021-06-15,3.5,,,,0.013269,
2021-06-16,3.5,,,,0.013269,
2021-06-17,4.25,,,,0.016137,
2021-06-18,4.25,,,,0.016137,
2021-06-19,4.25,,,,,
2021-06-20,4.25,,,,,
2021-06-21,4.25,,,,0.016137,
2021-06-22,4.25,,,,0.016137,
2021-06-23,4.25,,,,0.016137,
2021-06-24,4.25,,,,0.016137,
2021-06-25,4.25,,,,0.016137,
2021-06-26,4.25,,,,,
2021-06-27,4.25,,,,,
2021-06-28,4.25,,,,0.016137,
2021-06-29,4.25,,,,0.016137,
2021-06-30,4.25,,,,0.016137,
2021-07-01,4.25,0.96,0.78,1.02,0.016137,766165.4
2021-07-02,4.25,,,,0.016137,
2021-07-03,4.25,,,,,
2021-07-04,4.25,,,,,
2021-07-05,4.25,,,,0.016137,
2021-07-06,4.25,,,,0.016137,
2021-07-07,4.25,,,,0.016137,
2021-07-08,4.25,,,,0.016137,
2021-07-09,4.25,,,,0.016137,
2021-07-10,4.25,,,,,
2021-07-11,4.25,,,,,
2021-07-12,4.25,,,,0.016137,
2021-07-13,4.25,,,,0.016137,
2021-07-14,4.25,,,,0.016137,
2021-07-15,4.25,,,,0.016137,
2021-07-16,4.25,,,,0.016137,
2021-07-17,4.25,,,,,
2021-07-18,4.25,,,,,
2021-07-19,4.25,,,,0.016137,
2021-07-20,4.25,,,,0.016137,
2021-07-21,4.25,,,,0.016137,
2021-07-22,4.25,,,,0.016137,
2021-07-23,4.25,,,,0.016137,
2021-07-24,4.25,,,,,
2021-07-25,4.25,,,,,
2021-07-26,4.25,,,,0.016137,
2021-07-27,4.25,,,,0.016137,
2021-07-28,4.25,,,,0.016137,
2021-07-29,4.25,,,,0.016137,
2021-07-30,4.25,,,,0.016137,
2021-07-31,4.25,,,,,
2021-08-01,4.25,0.87,0.66,0.88,,767556.6
2021-08-02,4.25,,,,0.016137,
2021-08-03,4.25,,,,0.016137,
2021-08-04,4.25,,,,0.016137,
2021-08-05,5.25,,,,0.01993,
2021-08-06,5.25,,,,0.01993,
2021-08-07,5.25,,,,,
2021-08-08,5.25,,,,,
2021-08-09,5.25,,,,0.01993,
2021-08-10,5.25,,,,0.01993,
2021-08-11,5.25,,,,0.01993,
2021-08-12,5.25,,,,0.01993,
2021-08-13,5.25,,,,0.01993,
2021-08-14,5.25,,,,,
2021-08-15,5.25,,,,,
2021-08-16,5.25,,,,0.01993,
2021-08-17,5.25,,,,0.01993,
2021-08-18,5.25,,,,0.01993,
2021-08-19,5.25,,,,0.01993,
2021-08-20,5.25,,,,0.01993,
2021-08-21,5.25,,,,,
2021-08-22,5.25,,,,,
2021-08-23,5.25,,,,0.01993,
2021-08-24,5.25,,,,0.01993,
2021-08-25,5.25,,,,0.01993,
2021-08-26,5.25,,,,0.01993,
2021-08-27,5.25,,,,0.01993,
2021-08-28,5.25,,,,,
2021-08-29,5.25,,,,,
2021-08-30,5.25,,,,0.01993,
2021-08-31,5.25,,,,0.01993,
2021-09-01,5.25,1.16,-0.64,1.2,0.01993,762129.0
2021-09-02,5.25,,,,0.01993,
2021-09-03,5.25,,,,0.01993,
2021-09-04,5.25,,,,,
2021-09-05,5.25,,,,,
2021-09-06,5.25,,,,0.01993,
2021-09-07,5.25,,,,,
2021-09-08,5.25,,,,0.01993,
2021-09-09,5.25,,,,0.01993,
2021-09-10,5.25,,,,0.01993,
2021-09-11,5.25,,,,,
2021-09-12,5.25,,,,,
2021-09-13,5.25,,,,0.01993,
2021-09-14,5.25,,,,0.01993,
2021-09-15,5.25,,,,0.01993,
2021-09-16,5.25,,,,0.01993,
2021-09-17,5.25,,,,0.01993,
2021-09-18,5.25,,,,,
2021-09-19,5.25,,,,,
2021-09-20,5.25,,,,0.01993,
2021-09-21,5.25,,,,0.01993,
2021-09-22,5.25,,,,0.01993,
2021-09-23,6.25,,,,0.023687,
2021-09-24,6.25,,,,0.023687,
2021-09-25,6.25,,,,,
2021-09-26,6.25,,,,,
2021-09-27,6.25,,,,0.023687,
2021-09-28,6.25,,,,0.023687,
2021-09-29,6.25,,,,0.023687,
2021-09-30,6.25,,,,0.023687,
2021-10-01,6.25,1.25,0.64,1.16,0.023687,773197.7
2021-10-02,6.25,,,,,
2021-10-03,6.25,,,,,
2021-10-04,6.25,,,,0.023687,
2021-10-05,6.25,,,,0.023687,
2021-10-06,6.25,,,,0.023687,
2021-10-07,6.25,,,,0.023687,
2021-10-08,6.25,,,,0.023687,
2021-10-09,6.25,,,,,
2021-10-10,6.25,,,,,
2021-10-11,6.25,,,,0.023687,
2021-10-12,6.25,,,,,
2021-10-13,6.25,,,,0.023687,
2021-10-14,6.25,,,,0.023687,
2021-10-15,6.25,,,,0.023687,
2021-10-16,6.25,,,,,
2021-10-17,6.25,,,,,
2021-10-18,6.25,,,,0.023687,
2021-10-19,6.25,,,,0.023687,
2021-10-20,6.25,,,,0.023687,
2021-10-21,6.25,,,,0.023687,
2021-10-22,6.25,,,,0.023687,
2021-10-23,6.25,,,,,
2021-10-24,6.25,,,,,
2021-10-25,6.25,,,,0.023687,
2021-10-26,6.25,,,,0.023687,
2021-10-27,6.25,,,,0.023687,
2021-10-28,7.75,,,,0.029256,
2021-10-29,7.75,,,,0.029256,
2021-10-30,7.75,,,,,
2021-10-31,7.75,,,,,
2021-11-01,7.75,0.95,0.02,0.84,0.029256,788293.8
2021-11-02,7.75,,,,,
2021-11-03,7.75,,,,0.029256,
2021-11-04,7.75,,,,0.029256,
2021-11-05,7.75,,,,0.029256,
2021-11-06,7.75,,,,,
2021-11-07,7.75,,,,,
2021-11-08,7.75,,,,0.029256,
2021-11-09,7.75,,,,0.029256,
2021-11-10,7.75,,,,0.029256,
2021-11-11,7.75,,,,0.029256,
2021-11-12,7.75,,,,0.029256,
2021-11-13,7.75,,,,,
2021-11-14,7.75,,,,,
2021-11-15,7.75,,,,,
2021-11-16,7.75,,,,0.029256,
2021-11-17,7.75,,,,0.029256,
2021-11-18,7.75,,,,0.029256,
2021-11-19,7.75,,,,0.029256,
2021-11-20,7.75,,,,,
2021-11-21,7.75,,,,,
2021-11-22,7.75,,,,0.029256,
2021-11-23,7.75,,,,0.029256,
2021-11-24,7.75,,,,0.029256,
2021-11-25,7.75,,,,0.029256,
2021-11-26,7.75,,,,0.029256,
2021-11-27,7.75,,,,,
2021-11-28,7.75,,,,,
2021-11-29,7.75,,,,0.029256,
2021-11-30,7.75,,,,0.029256,
2021-12-01,7.75,0.73,0.87,0.73,0.029256,794490.6
2021-12-02,7.75,,,,0.029256,
2021-12-03,7.75,,,,0.029256,
2021-12-04,7.75,,,,,
2021-12-05,7.75,,,,,
2021-12-06,7.75,,,,0.029256,
2021-12-07,7.75,,,,0.029256,
2021-12-08,7.75,,,,0.029256,
2021-12-09,9.25,,,,0.034749,
2021-12-10,9.25,,,,0.034749,
2021-12-11,9.25,,,,,
2021-12-12,9.25,,,,,
2021-12-13,9.25,,,,0.034749,
2021-12-14,9.25,,,,0.034749,
2021-12-15,9.25,,,,0.034749,
2021-12-16,9.25,,,,0.034749,
2021-12-17,9.25,,,,0.034749,
2021-12-18,9.25,,,,,
2021-12-19,9.25,,,,,
2021-12-20,9.25,,,,0.034749,
2021-12-21,9.25,,,,0.034749,
2021-12-22,9.25,,,,0.034749,
2021-12-23,9.25,,,,0.034749,
2021-12-24,9.25,,,,0.034749,
2021-12-25,9.25,,,,,
2021-12-26,9.25,,,,,
2021-12-27,9.25,,,,0.034749,
2021-12-28,9.25,,,,0.034749,
2021-12-29,9.25,,,,0.034749,
2021-12-30,9.25,,,,0.034749,
2021-12-31,9.25,,,,0.034749,
2022-01-01,9.25,0.54,1.82,0.67,,724699.3
2022-01-02,9.25,,,,,
2022-01-03,9.25,,,,0.034749,
2022-01-04,9.25,,,,0.034749,
2022-01-05,9.25,,,,0.034749,
2022-01-06,9.25,,,,0.034749,
2022-01-07,9.25,,,,0.034749,
2022-01-08,9.25,,,,,
2022-01-09,9.25,,,,,
2022-01-10,9.25,,,,0.034749,
2022-01-11,9.25,,,,0.034749,
2022-01-12,9.25,,,,0.034749,
2022-01-13,9.25,,,,0.034749,
2022-01-14,9.25,,,,0.034749,
2022-01-15,9.25,,,,,
2022-01-16,9.25,,,,,
2022-01-17,9.25,,,,0.034749,
2022-01-18,9.25,,,,0.034749,
2022-01-19,9.25,,,,0.034749,
2022-01-20,9.25,,,,0.034749,
2022-01-21,9.25,,,,0.034749,
2022-01-22,9.25,,,,,
2022-01-23,9.25,,,,,
2022-01-24,9.25,,,,0.034749,
2022-01-25,9.25,,,,0.034749,
2022-01-26,9.25,,,,0.034749,
2022-01-27,9.25,,,,0.034749,
2022-01-28,9.25,,,,0.034749,
2022-01-29,9.25,,,,,
2022-01-30,9.25,,,,,
2022-01-31,9.25,,,,0.034749,
2022-02-01,9.25,1.01,1.83,1.0,0.034749,753160.3
2022-02-02,9.25,,,,0.034749,
2022-02-03,10.75,,,,0.040168,
2022-02-04,10.75,,,,0.040168,
2022-02-05,10.75,,,,,
2022-02-06,10.75,,,,,
2022-02-07,10.75,,,,0.040168,
2022-02-08,10.75,,,,0.040168,
2022-02-09,10.75,,,,0.040168,
2022-02-10,10.75,,,,0.040168,
2022-02-11,10.75,,,,0.040168,
2022-02-12,10.75,,,,,
2022-02-13,10.75,,,,,
2022-02-14,10.75,,,,0.040168,
2022-02-15,10.75,,,,0.040168,
2022-02-16,10.75,,,,0.040168,
2022-02-17,10.75,,,,0.040168,
2022-02-18,10.75,,,,0.040168,
2022-02-19,10.75,,,,,
2022-02-20,10.75,,,,,
2022-02-21,10.75,,,,0.040168,
2022-02-22,10.75,,,,0.040168,
2022-02-23,10.75,,,,0.040168,
2022-02-24,10.75,,,,0.040168,
2022-02-25,10.75,,,,0.040168,
2022-02-26,10.75,,,,,
2022-02-27,10.75,,,,,
2022-02-28,10.75,,,,,
2022-03-01,10.75,1.62,1.74,1.71,,841668.6
2022-03-02,10.75,,,,0.040168,
2022-03-03,10.75,,,,0.040168,
2022-03-04,10.75,,,,0.040168,
2022-03-05,10.75,,,,,
2022-03-06,10.75,,,,,
2022-03-07,10.75,,,,0.040168,
2022-03-08,10.75,,,,0.040168,
2022-03-09,10.75,,,,0.040168,
2022-03-10,10.75,,,,0.040168,
2022-03-11,10.75,,,,0.040168,
2022-03-12,10.75,,,,,
2022-03-13,10.75,,,,,
2022-03-14,10.75,,,,0.040168,
2022-03-15,10.75,,,,0.040168,
2022-03-16,10.75,,,,0.040168,
2022-03-17,11.75,,,,0.043739,
2022-03-18,11.75,,,,0.043739,
2022-03-19,11.75,,,,,
2022-03-20,11.75,,,,,
2022-03-21,11.75,,,,0.043739,
2022-03-22,11.75,,,,0.043739,
2022-03-23,11.75,,,,0.043739,
2022-03-24,11.75,,,,0.043739,
2022-03-25,11.75,,,,0.043739,
2022-03-26,11.75,,,,,
2022-03-27,11.75,,,,,
2022-03-28,11.75,,,,0.043739,
2022-03-29,11.75,,,,0.043739,
2022-03-30,11.75,,,,0.043739,
2022-03-31,11.75,,,,0.043739,
2022-04-01,11.75,1.06,1.41,1.04,0.043739,832285.4
2022-04-02,11.75,,,,,
2022-04-03,11.75,,,,,
2022-04-04,11.75,,,,0.043739,
2022-04-05,11.75,,,,0.043739,
2022-04-06,11.75,,,,0.043739,
2022-04-07,11.75,,,,0.043739,
2022-04-08,11.75,,,,0.043739,
2022-04-09,11.75,,,,,
2022-04-10,11.75,,,,,
2022-04-11,11.75,,,,0.043739,
2022-04-12,11.75,,,,0.043739,
2022-04-13,11.75,,,,0.043739,
2022-04-14,11.75,,,,0.043739,
2022-04-15,11.75,,,,,
2022-04-16,11.75,,,,,
2022-04-17,11.75,,,,,
2022-04-18,11.75,,,,0.043739,
2022-04-19,11.75,,,,0.043739,
2022-04-20,11.75,,,,0.043739,
2022-04-21,11.75,,,,,
2022-04-22,11.75,,,,0.043739,
2022-04-23,11.75,,,,,
2022-04-24,11.75,,,,,
2022-04-25,11.75,,,,0.043739,
2022-04-26,11.75,,,,0.043739,
2022-04-27,11.75,,,,0.043739,
2022-04-28,11.75,,,,0.043739,
2022-04-29,11.75,,,,0.043739,
2022-04-30,11.75,,,,,
2022-05-01,11.75,0.47,0.52,0.45,,841942.0
2022-05-02,11.75,,,,0.043739,
2022-05-03,11.75,,,,0.043739,
2022-05-04,11.75,,,,0.043739,
2022-05-05,12.75,,,,0.047279,
2022-05-06,12.75,,,,0.047279,
2022-05-07,12.75,,,,,
2022-05-08,12.75,,,,,
2022-05-09,12.75,,,,0.047279,
2022-05-10,12.75,,,,0.047279,
2022-05-11,12.75,,,,0.047279,
2022-05-12,12.75,,,,0.047279,
2022-05-13,12.75,,,,0.047279,
2022-05-14,12.75,,,,,
2022-05-15,12.75,,,,,
2022-05-16,12.75,,,,0.047279,
2022-05-17,12.75,,,,0.047279,
2022-05-18,12.75,,,,0.047279,
2022-05-19,12.75,,,,0.047279,
2022-05-20,12.75,,,,0.047279,
2022-05-21,12.75,,,,,
2022-05-22,12.75,,,,,
2022-05-23,12.75,,,,0.047279,
2022-05-24,12.75,,,,0.047279,
2022-05-25,12.75,,,,0.047279,
2022-05-26,12.75,,,,0.047279,
2022-05-27,12.75,,,,0.047279,
2022-05-28,12.75,,,,,
2022-05-29,12.75,,,,,
2022-05-30,12.75,,,,0.047279,
2022-05-31,12.75,,,,0.047279,
2022-06-01,12.75,0.67,0.59,0.62,0.047279,843254.0
2022-06-02,12.75,,,,0.047279,
2022-06-03,12.75,,,,0.047279,
2022-06-04,12.75,,,,,
2022-06-05,12.75,,,,,
2022-06-06,12.75,,,,0.047279,
2022-06-07,12.75,,,,0.047279,
2022-06-08,12.75,,,,0.047279,
2022-06-09,12.75,,,,0.047279,
2022-06-10,12.75,,,,0.047279,
2022-06-11,12.75,,,,,
2022-06-12,12.75,,,,,
2022-06-13,12.75,,,,0.047279,
2022-06-14,12.75,,,,0.047279,
2022-06-15,12.75,,,,0.047279,
2022-06-16,13.25,,,,,
2022-06-17,13.25,,,,0.049037,
2022-06-18,13.25,,,,,
2022-06-19,13.25,,,,,
2022-06-20,13.25,,,,0.049037,
2022-06-21,13.25,,,,0.049037,
2022-06-22,13.25,,,,0.049037,
2022-06-23,13.25,,,,0.049037,
2022-06-24,13.25,,,,0.049037,
2022-06-25,13.25,,,,,
2022-06-26,13.25,,,,,
2022-06-27,13.25,,,,0.049037,
2022-06-28,13.25,,,,0.049037,
2022-06-29,13.25,,,,0.049037,
2022-06-30,13.25,,,,0.049037,
2022-07-01,13.25,-0.68,0.21,-0.6,0.049037,869547.4
2022-07-02,13.25,,,,,
2022-07-03,13.25,,,,,
2022-07-04,13.25,,,,0.049037,
2022-07-05,13.25,,,,0.049037,
2022-07-06,13.25,,,,0.049037,
2022-07-07,13.25,,,,0.049037,
2022-07-08,13.25,,,,0.049037,
2022-07-09,13.25,,,,,
2022-07-10,13.25,,,,,
2022-07-11,13.25,,,,0.049037,
2022-07-12,13.25,,,,0.049037,
2022-07-13,13.25,,,,0.049037,
2022-07-14,13.25,,,,0.049037,
2022-07-15,13.25,,,,0.049037,
2022-07-16,13.25,,,,,
2022-07-17,13.25,,,,,
2022-07-18,13.25,,,,0.049037,
2022-07-19,13.25,,,,0.049037,
2022-07-20,13.25,,,,0.049037,
2022-07-21,13.25,,,,0.049037,
2022-07-22,13.25,,,,0.049037,
2022-07-23,13.25,,,,,
2022-07-24,13.25,,,,,
2022-07-25,13.25,,,,0.049037,
2022-07-26,13.25,,,,0.049037,
2022-07-27,13.25,,,,0.049037,
2022-07-28,13.25,,,,0.049037,
2022-07-29,13.25,,,,0.049037,
2022-07-30,13.25,,,,,
2022-07-31,13.25,,,,,
2022-08-01,13.25,-0.36,-0.7,-0.31,0.049037,873664.2
2022-08-02,13.25,,,,0.049037,
2022-08-03,13.25,,,,0.049037,
2022-08-04,13.75,,,,0.050788,
2022-08-05,13.75,,,,0.050788,
2022-08-06,13.75,,,,,
2022-08-07,13.75,,,,,
2022-08-08,13.75,,,,0.050788,
2022-08-09,13.75,,,,0.050788,
2022-08-10,13.75,,,,0.050788,
2022-08-11,13.75,,,,0.050788,
2022-08-12,13.75,,,,0.050788,
2022-08-13,13.75,,,,,
2022-08-14,13.75,,,,,
2022-08-15,13.75,,,,0.050788,
2022-08-16,13.75,,,,0.050788,
2022-08-17,13.75,,,,0.050788,
2022-08-18,13.75,,,,0.050788,
2022-08-19,13.75,,,,0.050788,
2022-08-20,13.75,,,,,
2022-08-21,13.75,,,,,
2022-08-22,13.75,,,,0.050788,
2022-08-23,13.75,,,,0.050788,
2022-08-24,13.75,,,,0.050788,
2022-08-25,13.75,,,,0.050788,
2022-08-26,13.75,,,,0.050788,
2022-08-27,13.75,,,,,
2022-08-28,13.75,,,,,
2022-08-29,13.75,,,,0.050788,
2022-08-30,13.75,,,,0.050788,
2022-08-31,13.75,,,,0.050788,
2022-09-01,13.75,-0.29,-0.95,-0.32,0.050788,857970.4
2022-09-02,13.75,,,,0.050788,
2022-09-03,13.75,,,,,
2022-09-04,13.75,,,,,
2022-09-05,13.75,,,,0.050788,
2022-09-06,13.75,,,,0.050788,
2022-09-07,13.75,,,,,
2022-09-08,13.75,,,,0.050788,
2022-09-09,13.75,,,,0.050788,
2022-09-10,13.75,,,,,
2022-09-11,13.75,,,,,
2022-09-12,13.75,,,,0.050788,
2022-09-13,13.75,,,,0.050788,
2022-09-14,13.75,,,,0.050788,
2022-09-15,13.75,,,,0.050788,
2022-09-16,13.75,,,,0.050788,
2022-09-17,13.75,,,,,
2022-09-18,13.75,,,,,
2022-09-19,13.75,,,,0.050788,
2022-09-20,13.75,,,,0.050788,
2022-09-21,13.75,,,,0.050788,
2022-09-22,13.75,,,,0.050788,
2022-09-23,13.75,,,,0.050788,
2022-09-24,13.75,,,,,
2022-09-25,13.75,,,,,
2022-09-26,13.75,,,,0.050788,
2022-09-27,13.75,,,,0.050788,
2022-09-28,13.75,,,,0.050788,
2022-09-29,13.75,,,,0.050788,
2022-09-30,13.75,,,,0.050788,
2022-10-01,13.75,0.59,-0.97,0.47,,880624.1
2022-10-02,13.75,,,,,
2022-10-03,13.75,,,,0.050788,
2022-10-04,13.75,,,,0.050788,
2022-10-05,13.75,,,,0.050788,
2022-10-06,13.75,,,,0.050788,
2022-10-07,13.75,,,,0.050788,
2022-10-08,13.75,,,,,
2022-10-09,13.75,,,,,
2022-10-10,13.75,,,,0.050788,
2022-10-11,13.75,,,,0.050788,
2022-10-12,13.75,,,,,
2022-10-13,13.75,,,,0.050788,
2022-10-14,13.75,,,,0.050788,
2022-10-15,13.75,,,,,
2022-10-16,13.75,,,,,
2022-10-17,13.75,,,,0.050788,
2022-10-18,13.75,,,,0.050788,
2022-10-19,13.75,,,,0.050788,
2022-10-20,13.75,,,,0.050788,
2022-10-21,13.75,,,,0.050788,
2022-10-22,13.75,,,,,
2022-10-23,13.75,,,,,
2022-10-24,13.75,,,,0.050788,
2022-10-25,13.75,,,,0.050788,
2022-10-26,13.75,,,,0.050788,
2022-10-27,13.75,,,,0.050788,
2022-10-28,13.75,,,,0.050788,
2022-10-29,13.75,,,,,
2022-10-30,13.75,,,,,
2022-10-31,13.75,,,,0.050788,
2022-11-01,13.75,0.41,-0.56,0.38,0.050788,880617.8
2022-11-02,13.75,,,,,
2022-11-03,13.75,,,,0.050788,
2022-11-04,13.75,,,,0.050788,
2022-11-05,13.75,,,,,
2022-11-06,13.75,,,,,
2022-11-07,13.75,,,,0.050788,
2022-11-08,13.75,,,,0.050788,
2022-11-09,13.75,,,,0.050788,
2022-11-10,13.75,,,,0.050788,
2022-11-11,13.75,,,,0.050788,
2022-11-12,13.75,,,,,
2022-11-13,13.75,,,,,
2022-11-14,13.75,,,,0.050788,
2022-11-15,13.75,,,,,
2022-11-16,13.75,,,,0.050788,
2022-11-17,13.75,,,,0.050788,
2022-11-18,13.75,,,,0.050788,
2022-11-19,13.75,,,,,
2022-11-20,13.75,,,,,
2022-11-21,13.75,,,,0.050788,
2022-11-22,13.75,,,,0.050788,
2022-11-23,13.75,,,,0.050788,
2022-11-24,13.75,,,,0.050788,
2022-11-25,13.75,,,,0.050788,
2022-11-26,13.75,,,,,
2022-11-27,13.75,,,,,
2022-11-28,13.75,,,,0.050788,
2022-11-29,13.75,,,,0.050788,
2022-11-30,13.75,,,,0.050788,
2022-12-01,13.75,0.62,0.45,0.69,0.050788,880243.2
2022-12-02,13.75,,,,0.050788,
2022-12-03,13.75,,,,,
2022-12-04,13.75,,,,,
2022-12-05,13.75,,,,0.050788,
2022-12-06,13.75,,,,0.050788,
2022-12-07,13.75,,,,0.050788,
2022-12-08,13.75,,,,0.050788,
2022-12-09,13.75,,,,0.050788,
2022-12-10,13.75,,,,,
2022-12-11,13.75,,,,,
2022-12-12,13.75,,,,0.050788,
2022-12-13,13.75,,,,0.050788,
2022-12-14,13.75,,,,0.050788,
2022-12-15,13.75,,,,0.050788,
2022-12-16,13.75,,,,0.050788,
2022-12-17,13.75,,,,,
2022-12-18,13.75,,,,,
2022-12-19,13.75,,,,0.050788,
2022-12-20,13.75,,,,0.050788,
2022-12-21,13.75,,,,0.050788,
2022-12-22,13.75,,,,0.050788,
2022-12-23,13.75,,,,0.050788,
2022-12-24,13.75,,,,,
2022-12-25,13.75,,,,,
2022-12-26,13.75,,,,0.050788,
2022-12-27,13.75,,,,0.050788,
2022-12-28,13.75,,,,0.050788,
2022-12-29,13.75,,,,0.050788,
2022-12-30,13.75,,,,0.050788,
2022-12-31,13.75,,,,,
2023-01-01,13.75,0.53,0.21,0.46,,810953.0
2023-01-02,13.75,,,,0.050788,
2023-01-03,13.75,,,,0.050788,
2023-01-04,13.75,,,,0.050788,
2023-01-05,13.75,,,,0.050788,
2023-01-06,13.75,,,,0.050788,
2023-01-07,13.75,,,,,
2023-01-08,13.75,,,,,
2023-01-09,13.75,,,,0.050788,
2023-01-10,13.75,,,,0.050788,
2023-01-11,13.75,,,,0.050788,
2023-01-12,13.75,,,,0.050788,
2023-01-13,13.75,,,,0.050788,
2023-01-14,13.75,,,,,
2023-01-15,13.75,,,,,
2023-01-16,13.75,,,,0.050788,
2023-01-17,13.75,,,,0.050788,
2023-01-18,13.75,,,,0.050788,
2023-01-19,13.75,,,,0.050788,
2023-01-20,13.75,,,,0.050788,
2023-01-21,13.75,,,,,
2023-01-22,13.75,,,,,
2023-01-23,13.75,,,,0.050788,
2023-01-24,13.75,,,,0.050788,
2023-01-25,13.75,,,,0.050788,
2023-01-26,13.75,,,,0.050788,
2023-01-27,13.75,,,,0.050788,
2023-01-28,13.75,,,,,
2023-01-29,13.75,,,,,
2023-01-30,13.75,,,,0.050788,
2023-01-31,13.75,,,,0.050788,
2023-02-01,13.75,0.84,-0.06,0.77,0.050788,830041.3
2023-02-02,13.75,,,,0.050788,
2023-02-03,13.75,,,,0.050788,
2023-02-04,13.75,,,,,
2023-02-05,13.75,,,,,
2023-02-06,13.75,,,,0.050788,
2023-02-07,13.75,,,,0.050788,
2023-02-08,13.75,,,,0.050788,
2023-02-09,13.75,,,,0.050788,
2023-02-10,13.75,,,,0.050788,
2023-02-11,13.75,,,,,
2023-02-12,13.75,,,,,
2023-02-13,13.75,,,,0.050788,
2023-02-14,13.75,,,,0.050788,
2023-02-15,13.75,,,,0.050788,
2023-02-16,13.75,,,,0.050788,
2023-02-17,13.75,,,,0.050788,
2023-02-18,13.75,,,,,
2023-02-19,13.75,,,,,
2023-02-20,13.75,,,,,
2023-02-21,13.75,,,,,
2023-02-22,13.75,,,,0.050788,
2023-02-23,13.75,,,,0.050788,
2023-02-24,13.75,,,,0.050788,
2023-02-25,13.75,,,,,
2023-02-26,13.75,,,,,
2023-02-27,13.75,,,,0.050788,
2023-02-28,13.75,,,,0.050788,
2023-03-01,13.75,0.71,0.05,0.64,0.050788,940023.8
2023-03-02,13.75,,,,0.050788,
2023-03-03,13.75,,,,0.050788,
2023-03-04,13.75,,,,,
2023-03-05,13.75,,,,,
2023-03-06,13.75,,,,0.050788,
2023-03-07,13.75,,,,0.050788,
2023-03-08,13.75,,,,0.050788,
2023-03-09,13.75,,,,0.050788,
2023-03-10,13.75,,,,0.050788,
2023-03-11,13.75,,,,,
2023-03-12,13.75,,,,,
2023-03-13,13.75,,,,0.050788,
2023-03-14,13.75,,,,0.050788,
2023-03-15,13.75,,,,0.050788,
2023-03-16,13.75,,,,0.050788,
2023-03-17,13.75,,,,0.050788,
2023-03-18,13.75,,,,,
2023-03-19,13.75,,,,,
2023-03-20,13.75,,,,0.050788,
2023-03-21,13.75,,,,0.050788,
2023-03-22,13.75,,,,0.050788,
2023-03-23,13.75,,,,0.050788,
2023-03-24,13.75,,,,0.050788,
2023-03-25,13.75,,,,,
2023-03-26,13.75,,,,,
2023-03-27,13.75,,,,0.050788,
2023-03-28,13.75,,,,0.050788,
2023-03-29,13.75,,,,0.050788,
2023-03-30,13.75,,,,0.050788,
2023-03-31,13.75,,,,0.050788,
2023-04-01,13.75,0.61,-0.95,0.53,,911436.0
2023-04-02,13.75,,,,,
2023-04-03,13.75,,,,0.050788,
2023-04-04,13.75,,,,0.050788,
2023-04-05,13.75,,,,0.050788,
2023-04-06,13.75,,,,0.050788,
2023-04-07,13.75,,,,,
2023-04-08,13.75,,,,,
2023-04-09,13.75,,,,,
2023-04-10,13.75,,,,0.050788,
2023-04-11,13.75,,,,0.050788,
2023-04-12,13.75,,,,0.050788,
2023-04-13,13.75,,,,0.050788,
2023-04-14,13.75,,,,0.050788,
2023-04-15,13.75,,,,,
2023-04-16,13.75,,,,,
2023-04-17,13.75,,,,0.050788,
2023-04-18,13.75,,,,0.050788,
2023-04-19,13.75,,,,0.050788,
2023-04-20,13.75,,,,0.050788,
2023-04-21,13.75,,,,,
2023-04-22,13.75,,,,,
2023-04-23,13.75,,,,,
2023-04-24,13.75,,,,0.050788,
2023-04-25,13.75,,,,0.050788,
2023-04-26,13.75,,,,0.050788,
2023-04-27,13.75,,,,0.050788,
2023-04-28,13.75,,,,0.050788,
2023-04-29,13.75,,,,,
2023-04-30,13.75,,,,,
2023-05-01,13.75,0.23,-1.84,0.36,,912667.1
2023-05-02,13.75,,,,0.050788,
2023-05-03,13.75,,,,0.050788,
2023-05-04,13.75,,,,0.050788,
2023-05-05,13.75,,,,0.050788,
2023-05-06,13.75,,,,,
2023-05-07,13.75,,,,,
2023-05-08,13.75,,,,0.050788,
2023-05-09,13.75,,,,0.050788,
2023-05-10,13.75,,,,0.050788,
2023-05-11,13.75,,,,0.050788,
2023-05-12,13.75,,,,0.050788,
2023-05-13,13.75,,,,,
2023-05-14,13.75,,,,,
2023-05-15,13.75,,,,0.050788,
2023-05-16,13.75,,,,0.050788,
2023-05-17,13.75,,,,0.050788,
2023-05-18,13.75,,,,0.050788,
2023-05-19,13.75,,,,0.050788,
2023-05-20,13.75,,,,,
2023-05-21,13.75,,,,,
2023-05-22,13.75,,,,0.050788,
2023-05-23,13.75,,,,0.050788,
2023-05-24,13.75,,,,0.050788,
2023-05-25,13.75,,,,0.050788,
2023-05-26,13.75,,,,0.050788,
2023-05-27,13.75,,,,,
2023-05-28,13.75,,,,,
2023-05-29,13.75,,,,0.050788,
2023-05-30,13.75,,,,0.050788,
2023-05-31,13.75,,,,0.050788,
2023-06-01,13.75,-0.08,-1.93,-0.1,0.050788,903476.9
2023-06-02,13.75,,,,0.050788,
2023-06-03,13.75,,,,,
2023-06-04,13.75,,,,,
2023-06-05,13.75,,,,0.050788,
2023-06-06,13.75,,,,0.050788,
2023-06-07,13.75,,,,0.050788,
2023-06-08,13.75,,,,,
2023-06-09,13.75,,,,0.050788,
2023-06-10,13.75,,,,,
2023-06-11,13.75,,,,,
2023-06-12,13.75,,,,0.050788,
2023-06-13,13.75,,,,0.050788,
2023-06-14,13.75,,,,0.050788,
2023-06-15,13.75,,,,0.050788,
2023-06-16,13.75,,,,0.050788,
2023-06-17,13.75,,,,,
2023-06-18,13.75,,,,,
2023-06-19,13.75,,,,0.050788,
2023-06-20,13.75,,,,0.050788,
2023-06-21,13.75,,,,0.050788,
2023-06-22,13.75,,,,0.050788,
2023-06-23,13.75,,,,0.050788,
2023-06-24,13.75,,,,,
2023-06-25,13.75,,,,,
2023-06-26,13.75,,,,0.050788,
2023-06-27,13.75,,,,0.050788,
2023-06-28,13.75,,,,0.050788,
2023-06-29,13.75,,,,0.050788,
2023-06-30,13.75,,,,0.050788,
2023-07-01,13.75,0.12,-0.72,-0.09,,920248.2
2023-07-02,13.75,,,,,
2023-07-03,13.75,,,,0.050788,
2023-07-04,13.75,,,,0.050788,
2023-07-05,13.75,,,,0.050788,
2023-07-06,13.75,,,,0.050788,
2023-07-07,13.75,,,,0.050788,
2023-07-08,13.75,,,,,
2023-07-09,13.75,,,,,
2023-07-10,13.75,,,,0.050788,
2023-07-11,13.75,,,,0.050788,
2023-07-12,13.75,,,,0.050788,
2023-07-13,13.75,,,,0.050788,
2023-07-14,13.75,,,,0.050788,
2023-07-15,13.75,,,,,
2023-07-16,13.75,,,,,
2023-07-17,13.75,,,,0.050788,
2023-07-18,13.75,,,,0.050788,
2023-07-19,13.75,,,,0.050788,
2023-07-20,13.75,,,,0.050788,
2023-07-21,13.75,,,,0.050788,
2023-07-22,13.75,,,,,
2023-07-23,13.75,,,,,
2023-07-24,13.75,,,,0.050788,
2023-07-25,13.75,,,,0.050788,
2023-07-26,13.75,,,,0.050788,
2023-07-27,13.75,,,,0.050788,
2023-07-28,13.75,,,,0.050788,
2023-07-29,13.75,,,,,
2023-07-30,13.75,,,,,
2023-07-31,13.75,,,,0.050788,
2023-08-01,13.75,0.23,-0.14,0.2,0.050788,932880.5
2023-08-02,13.75,,,,0.050788,
2023-08-03,13.25,,,,0.049037,
2023-08-04,13.25,,,,0.049037,
2023-08-05,13.25,,,,,
2023-08-06,13.25,,,,,
2023-08-07,13.25,,,,0.049037,
2023-08-08,13.25,,,,0.049037,
2023-08-09,13.25,,,,0.049037,
2023-08-10,13.25,,,,0.049037,
2023-08-11,13.25,,,,0.049037,
2023-08-12,13.25,,,,,
2023-08-13,13.25,,,,,
2023-08-14,13.25,,,,0.049037,
2023-08-15,13.25,,,,0.049037,
2023-08-16,13.25,,,,0.049037,
2023-08-17,13.25,,,,0.049037,
2023-08-18,13.25,,,,0.049037,
2023-08-19,13.25,,,,,
2023-08-20,13.25,,,,,
2023-08-21,13.25,,,,0.049037,
2023-08-22,13.25,,,,0.049037,
2023-08-23,13.25,,,,0.049037,
2023-08-24,13.25,,,,0.049037,
2023-08-25,13.25,,,,0.049037,
2023-08-26,13.25,,,,,
2023-08-27,13.25,,,,,
2023-08-28,13.25,,,,0.049037,
2023-08-29,13.25,,,,0.049037,
2023-08-30,13.25,,,,0.049037,
2023-08-31,13.25,,,,0.049037,
2023-09-01,13.25,0.26,0.37,0.11,0.049037,916316.6
2023-09-02,13.25,,,,,
2023-09-03,13.25,,,,,
2023-09-04,13.25,,,,0.049037,
2023-09-05,13.25,,,,0.049037,
2023-09-06,13.25,,,,0.049037,
2023-09-07,13.25,,,,,
2023-09-08,13.25,,,,0.049037,
2023-09-09,13.25,,,,,
2023-09-10,13.25,,,,,
2023-09-11,13.25,,,,0.049037,
2023-09-12,13.25,,,,0.049037,
2023-09-13,13.25,,,,0.049037,
2023-09-14,13.25,,,,0.049037,
2023-09-15,13.25,,,,0.049037,
2023-09-16,13.25,,,,,
2023-09-17,13.25,,,,,
2023-09-18,13.25,,,,0.049037,
2023-09-19,13.25,,,,0.049037,
2023-09-20,13.25,,,,0.049037,
2023-09-21,12.75,,,,0.047279,
2023-09-22,12.75,,,,0.047279,
2023-09-23,12.75,,,,,
2023-09-24,12.75,,,,,
2023-09-25,12.75,,,,0.047279,
2023-09-26,12.75,,,,0.047279,
2023-09-27,12.75,,,,0.047279,
2023-09-28,12.75,,,,0.047279,
2023-09-29,12.75,,,,0.047279,
2023-09-30,12.75,,,,,
2023-10-01,12.75,0.24,0.5,0.12,,954360.8
2023-10-02,12.75,,,,0.047279,
2023-10-03,12.75,,,,0.047279,
2023-10-04,12.75,,,,0.047279,
2023-10-05,12.75,,,,0.047279,
2023-10-06,12.75,,,,0.047279,
2023-10-07,12.75,,,,,
2023-10-08,12.75,,,,,
2023-10-09,12.75,,,,0.047279,
2023-10-10,12.75,,,,0.047279,
2023-10-11,12.75,,,,0.047279,
2023-10-12,12.75,,,,,
2023-10-13,12.75,,,,0.047279,
2023-10-14,12.75,,,,,
2023-10-15,12.75,,,,,
2023-10-16,12.75,,,,0.047279,
2023-10-17,12.75,,,,0.047279,
2023-10-18,12.75,,,,0.047279,
2023-10-19,12.75,,,,0.047279,
2023-10-20,12.75,,,,0.047279,
2023-10-21,12.75,,,,,
2023-10-22,12.75,,,,,
2023-10-23,12.75,,,,0.047279,
2023-10-24,12.75,,,,0.047279,
2023-10-25,12.75,,,,0.047279,
2023-10-26,12.75,,,,0.047279,
2023-10-27,12.75,,,,0.047279,
2023-10-28,12.75,,,,,
2023-10-29,12.75,,,,,
2023-10-30,12.75,,,,0.047279,
2023-10-31,12.75,,,,0.047279,
2023-11-01,12.75,0.28,0.59,0.1,0.047279,961822.6
2023-11-02,12.25,,,,,
2023-11-03,12.25,,,,0.045513,
2023-11-04,12.25,,,,,
2023-11-05,12.25,,,,,
2023-11-06,12.25,,,,0.045513,
2023-11-07,12.25,,,,0.045513,
2023-11-08,12.25,,,,0.045513,
2023-11-09,12.25,,,,0.045513,
2023-11-10,12.25,,,,0.045513,
2023-11-11,12.25,,,,,
2023-11-12,12.25,,,,,
2023-11-13,12.25,,,,0.045513,
2023-11-14,12.25,,,,0.045513,
2023-11-15,12.25,,,,,
2023-11-16,12.25,,,,0.045513,
2023-11-17,12.25,,,,0.045513,
2023-11-18,12.25,,,,,
2023-11-19,12.25,,,,,
2023-11-20,12.25,,,,0.045513,
2023-11-21,12.25,,,,0.045513,
2023-11-22,12.25,,,,0.045513,
2023-11-23,12.25,,,,0.045513,
2023-11-24,12.25,,,,0.045513,
2023-11-25,12.25,,,,,
2023-11-26,12.25,,,,,
2023-11-27,12.25,,,,0.045513,
2023-11-28,12.25,,,,0.045513,
2023-11-29,12.25,,,,0.045513,
2023-11-30,12.25,,,,0.045513,
2023-12-01,12.25,0.56,0.74,0.55,0.045513,949118.0
2023-12-02,12.25,,,,,
2023-12-03,12.25,,,,,
2023-12-04,12.25,,,,0.045513,
2023-12-05,12.25,,,,0.045513,
2023-12-06,12.25,,,,0.045513,
2023-12-07,12.25,,,,0.045513,
2023-12-08,12.25,,,,0.045513,
2023-12-09,12.25,,,,,
2023-12-10,12.25,,,,,
2023-12-11,12.25,,,,0.045513,
2023-12-12,12.25,,,,0.045513,
2023-12-13,12.25,,,,0.045513,
2023-12-14,11.75,,,,0.043739,
2023-12-15,11.75,,,,0.043739,
2023-12-16,11.75,,,,,
2023-12-17,11.75,,,,,
2023-12-18,11.75,,,,0.043739,
2023-12-19,11.75,,,,0.043739,
2023-12-20,11.75,,,,0.043739,
2023-12-21,11.75,,,,0.043739,
2023-12-22,11.75,,,,0.043739,
2023-12-23,11.75,,,,,
2023-12-24,11.75,,,,,
2023-12-25,11.75,,,,,
2023-12-26,11.75,,,,0.043739,
2023-12-27,11.75,,,,0.043739,
2023-12-28,11.75,,,,0.043739,
2023-12-29,11.75,,,,0.043739,
2023-12-30,11.75,,,,,
2023-12-31,11.75,,,,,
2024-01-01,11.75,0.42,0.07,0.57,,889356.2
2024-01-02,11.75,,,,0.043739,
2024-01-03,11.75,,,,0.043739,
2024-01-04,11.75,,,,0.043739,
2024-01-05,11.75,,,,0.043739,
2024-01-06,11.75,,,,,
2024-01-07,11.75,,,,,
2024-01-08,11.75,,,,0.043739,
2024-01-09,11.75,,,,0.043739,
2024-01-10,11.75,,,,0.043739,
2024-01-11,11.75,,,,0.043739,
2024-01-12,11.75,,,,0.043739,
2024-01-13,11.75,,,,,
2024-01-14,11.75,,,,,
2024-01-15,11.75,,,,0.043739,
2024-01-16,11.75,,,,0.043739,
2024-01-17,11.75,,,,0.043739,
2024-01-18,11.75,,,,0.043739,
2024-01-19,11.75,,,,0.043739,
2024-01-20,11.75,,,,,
2024-01-21,11.75,,,,,
2024-01-22,11.75,,,,0.043739,
2024-01-23,11.75,,,,0.043739,
2024-01-24,11.75,,,,0.043739,
2024-01-25,11.75,,,,0.043739,
2024-01-26,11.75,,,,0.043739,
2024-01-27,11.75,,,,,
2024-01-28,11.75,,,,,
2024-01-29,11.75,,,,0.043739,
2024-01-30,11.75,,,,0.043739,
2024-01-31,11.75,,,,0.043739,
2024-02-01,11.25,0.83,-0.52,0.81,0.041957,899561.2
2024-02-02,11.25,,,,0.041957,
2024-02-03,11.25,,,,,
2024-02-04,11.25,,,,,
2024-02-05,11.25,,,,0.041957,
2024-02-06,11.25,,,,0.041957,
2024-02-07,11.25,,,,0.041957,
2024-02-08,11.25,,,,0.041957,
2024-02-09,11.25,,,,0.041957,
2024-02-10,11.25,,,,,
2024-02-11,11.25,,,,,
2024-02-12,11.25,,,,,
2024-02-13,11.25,,,,,
2024-02-14,11.25,,,,0.041957,
2024-02-15,11.25,,,,0.041957,
2024-02-16,11.25,,,,0.041957,
2024-02-17,11.25,,,,,
2024-02-18,11.25,,,,,
2024-02-19,11.25,,,,0.041957,
2024-02-20,11.25,,,,0.041957,
2024-02-21,11.25,,,,0.041957,
2024-02-22,11.25,,,,0.041957,
2024-02-23,11.25,,,,0.041957,
2024-02-24,11.25,,,,,
2024-02-25,11.25,,,,,
2024-02-26,11.25,,,,0.041957,
2024-02-27,11.25,,,,0.041957,
2024-02-28,11.25,,,,0.041957,
2024-02-29,11.25,,,,0.041957,
2024-03-01,11.25,0.16,-0.47,0.19,0.041957,964282.4
2024-03-02,11.25,,,,,
2024-03-03,11.25,,,,,
2024-03-04,11.25,,,,0.041957,
2024-03-05,11.25,,,,0.041957,
2024-03-06,11.25,,,,0.041957,
2024-03-07,11.25,,,,0.041957,
2024-03-08,11.25,,,,0.041957,
2024-03-09,11.25,,,,,
2024-03-10,11.25,,,,,
2024-03-11,11.25,,,,0.041957,
2024-03-12,11.25,,,,0.041957,
2024-03-13,11.25,,,,0.041957,
2024-03-14,11.25,,,,0.041957,
2024-03-15,11.25,,,,0.041957,
2024-03-16,11.25,,,,,
2024-03-17,11.25,,,,,
2024-03-18,11.25,,,,0.041957,
2024-03-19,11.25,,,,0.041957,
2024-03-20,11.25,,,,0.041957,
2024-03-21,10.75,,,,0.040168,
2024-03-22,10.75,,,,0.040168,
2024-03-23,10.75,,,,,
2024-03-24,10.75,,,,,
2024-03-25,10.75,,,,0.040168,
2024-03-26,10.75,,,,0.040168,
2024-03-27,10.75,,,,0.040168,
2024-03-28,10.75,,,,0.040168,
2024-03-29,10.75,,,,,
2024-03-30,10.75,,,,,
2024-03-31,10.75,,,,,
2024-04-01,10.75,0.38,0.31,0.37,0.040168,989335.1
2024-04-02,10.75,,,,0.040168,
2024-04-03,10.75,,,,0.040168,
2024-04-04,10.75,,,,0.040168,
2024-04-05,10.75,,,,0.040168,
2024-04-06,10.75,,,,,
2024-04-07,10.75,,,,,
2024-04-08,10.75,,,,0.040168,
2024-04-09,10.75,,,,0.040168,
2024-04-10,10.75,,,,0.040168,
2024-04-11,10.75,,,,0.040168,
2024-04-12,10.75,,,,0.040168,
2024-04-13,10.75,,,,,
2024-04-14,10.75,,,,,
2024-04-15,10.75,,,,0.040168,
2024-04-16,10.75,,,,0.040168,
2024-04-17,10.75,,,,0.040168,
2024-04-18,10.75,,,,0.040168,
2024-04-19,10.75,,,,0.040168,
2024-04-20,10.75,,,,,
2024-04-21,10.75,,,,,
2024-04-22,10.75,,,,0.040168,
2024-04-23,10.75,,,,0.040168,
2024-04-24,10.75,,,,0.040168,
2024-04-25,10.75,,,,0.040168,
2024-04-26,10.75,,,,0.040168,
2024-04-27,10.75,,,,,
2024-04-28,10.75,,,,,
2024-04-29,10.75,,,,0.040168,
2024-04-30,10.75,,,,0.040168,
2024-05-01,10.75,0.46,0.89,0.46,,962043.1
2024-05-02,10.75,,,,0.040168,
2024-05-03,10.75,,,,0.040168,
2024-05-04,10.75,,,,,
2024-05-05,10.75,,,,,
2024-05-06,10.75,,,,0.040168,
2024-05-07,10.75,,,,0.040168,
2024-05-08,10.75,,,,0.040168,
2024-05-09,10.5,,,,0.03927,
2024-05-10,10.5,,,,0.03927,
2024-05-11,10.5,,,,,
2024-05-12,10.5,,,,,
2024-05-13,10.5,,,,0.03927,
2024-05-14,10.5,,,,0.03927,
2024-05-15,10.5,,,,0.03927,
2024-05-16,10.5,,,,0.03927,
2024-05-17,10.5,,,,0.03927,
2024-05-18,10.5,,,,,
2024-05-19,10.5,,,,,
2024-05-20,10.5,,,,0.03927,
2024-05-21,10.5,,,,0.03927,
2024-05-22,10.5,,,,0.03927,
2024-05-23,10.5,,,,0.03927,
2024-05-24,10.5,,,,0.03927,
2024-05-25,10.5,,,,,
2024-05-26,10.5,,,,,
2024-05-27,10.5,,,,0.03927,
2024-05-28,10.5,,,,0.03927,
2024-05-29,10.5,,,,0.03927,
2024-05-30,10.5,,,,,
2024-05-31,10.5,,,,0.03927,
2024-06-01,10.5,0.21,0.81,0.25,,969851.2
2024-06-02,10.5,,,,,
2024-06-03,10.5,,,,0.03927,
2024-06-04,10.5,,,,0.03927,
2024-06-05,10.5,,,,0.03927,
2024-06-06,10.5,,,,0.03927,
2024-06-07,10.5,,,,0.03927,
2024-06-08,10.5,,,,,
2024-06-09,10.5,,,,,
2024-06-10,10.5,,,,0.03927,
2024-06-11,10.5,,,,0.03927,
2024-06-12,10.5,,,,0.03927,
2024-06-13,10.5,,,,0.03927,
2024-06-14,10.5,,,,0.03927,
2024-06-15,10.5,,,,,
2024-06-16,10.5,,,,,
2024-06-17,10.5,,,,0.03927,
2024-06-18,10.5,,,,0.03927,
2024-06-19,10.5,,,,0.03927,
2024-06-20,10.5,,,,0.03927,
2024-06-21,10.5,,,,0.03927,
2024-06-22,10.5,,,,,
2024-06-23,10.5,,,,,
2024-06-24,10.5,,,,0.03927,
2024-06-25,10.5,,,,0.03927,
2024-06-26,10.5,,,,0.03927,
2024-06-27,10.5,,,,0.03927,
2024-06-28,10.5,,,,0.03927,
2024-06-29,10.5,,,,,
2024-06-30,10.5,,,,,
2024-07-01,10.5,0.38,0.61,0.26,0.03927,1005686.8
2024-07-02,10.5,,,,0.03927,
2024-07-03,10.5,,,,0.03927,
2024-07-04,10.5,,,,0.03927,
2024-07-05,10.5,,,,0.03927,
2024-07-06,10.5,,,,,
2024-07-07,10.5,,,,,
2024-07-08,10.5,,,,0.03927,
2024-07-09,10.5,,,,0.03927,
2024-07-10,10.5,,,,0.03927,
2024-07-11,10.5,,,,0.03927,
2024-07-12,10.5,,,,0.03927,
2024-07-13,10.5,,,,,
2024-07-14,10.5,,,,,
2024-07-15,10.5,,,,0.03927,
2024-07-16,10.5,,,,0.03927,
2024-07-17,10.5,,,,0.03927,
2024-07-18,10.5,,,,0.03927,
2024-07-19,10.5,,,,0.03927,
2024-07-20,10.5,,,,,
2024-07-21,10.5,,,,,
2024-07-22,10.5,,,,0.03927,
2024-07-23,10.5,,,,0.03927,
2024-07-24,10.5,,,,0.03927,
2024-07-25,10.5,,,,0.03927,
2024-07-26,10.5,,,,0.03927,
2024-07-27,10.5,,,,,
2024-07-28,10.5,,,,,
2024-07-29,10.5,,,,0.03927,
2024-07-30,10.5,,,,0.03927,
2024-07-31,10.5,,,,0.03927,
2024-08-01,10.5,-0.02,0.29,-0.14,0.03927,992956.2
2024-08-02,10.5,,,,0.03927,
2024-08-03,10.5,,,,,
2024-08-04,10.5,,,,,
2024-08-05,10.5,,,,0.03927,
2024-08-06,10.5,,,,0.03927,
2024-08-07,10.5,,,,0.03927,
2024-08-08,10.5,,,,0.03927,
2024-08-09,10.5,,,,0.03927,
2024-08-10,10.5,,,,,
2024-08-11,10.5,,,,,
2024-08-12,10.5,,,,0.03927,
2024-08-13,10.5,,,,0.03927,
2024-08-14,10.5,,,,0.03927,
2024-08-15,10.5,,,,0.03927,
2024-08-16,10.5,,,,0.03927,
2024-08-17,10.5,,,,,
2024-08-18,10.5,,,,,
2024-08-19,10.5,,,,0.03927,
2024-08-20,10.5,,,,0.03927,
2024-08-21,10.5,,,,0.03927,
2024-08-22,10.5,,,,0.03927,
2024-08-23,10.5,,,,0.03927,
2024-08-24,10.5,,,,,
2024-08-25,10.5,,,,,
2024-08-26,10.5,,,,0.03927,
2024-08-27,10.5,,,,0.03927,
2024-08-28,10.5,,,,0.03927,
2024-08-29,10.5,,,,0.03927,
2024-08-30,10.5,,,,0.03927,
2024-08-31,10.5,,,,,
2024-09-01,10.5,0.44,0.62,0.48,,991270.4
2024-09-02,10.5,,,,0.03927,
2024-09-03,10.5,,,,0.03927,
2024-09-04,10.5,,,,0.03927,
2024-09-05,10.5,,,,0.03927,
2024-09-06,10.5,,,,0.03927,
2024-09-07,10.5,,,,,
2024-09-08,10.5,,,,,
2024-09-09,10.5,,,,0.03927,
2024-09-10,10.5,,,,0.03927,
2024-09-11,10.5,,,,0.03927,
2024-09-12,10.5,,,,0.03927,
2024-09-13,10.5,,,,0.03927,
2024-09-14,10.5,,,,,
2024-09-15,10.5,,,,,
2024-09-16,10.5,,,,0.03927,
2024-09-17,10.5,,,,0.03927,
2024-09-18,10.5,,,,0.03927,
2024-09-19,10.75,,,,0.040168,
2024-09-20,10.75,,,,0.040168,
2024-09-21,10.75,,,,,
2024-09-22,10.75,,,,,
2024-09-23,10.75,,,,0.040168,
2024-09-24,10.75,,,,0.040168,
2024-09-25,10.75,,,,0.040168,
2024-09-26,10.75,,,,0.040168,
2024-09-27,10.75,,,,0.040168,
2024-09-28,10.75,,,,,
2024-09-29,10.75,,,,,
2024-09-30,10.75,,,,0.040168,
2024-10-01,10.75,0.56,1.52,0.61,0.040168,1056078.5
2024-10-02,10.75,,,,0.040168,
2024-10-03,10.75,,,,0.040168,
2024-10-04,10.75,,,,0.040168,
2024-10-05,10.75,,,,,
2024-10-06,10.75,,,,,
2024-10-07,10.75,,,,0.040168,
2024-10-08,10.75,,,,0.040168,
2024-10-09,10.75,,,,0.040168,
2024-10-10,10.75,,,,0.040168,
2024-10-11,10.75,,,,0.040168,
2024-10-12,10.75,,,,,
2024-10-13,10.75,,,,,
2024-10-14,10.75,,,,0.040168,
2024-10-15,10.75,,,,0.040168,
2024-10-16,10.75,,,,0.040168,
2024-10-17,10.75,,,,0.040168,
2024-10-18,10.75,,,,0.040168,
2024-10-19,10.75,,,,,
2024-10-20,10.75,,,,,
2024-10-21,10.75,,,,0.040168,
2024-10-22,10.75,,,,0.040168,
2024-10-23,10.75,,,,0.040168,
2024-10-24,10.75,,,,0.040168,
2024-10-25,10.75,,,,0.040168,
2024-10-26,10.75,,,,,
2024-10-27,10.75,,,,,
2024-10-28,10.75,,,,0.040168,
2024-10-29,10.75,,,,0.040168,
2024-10-30,10.75,,,,0.040168,
2024-10-31,10.75,,,,0.040168,
2024-11-01,10.75,0.39,1.3,0.33,0.040168,1037274.8
2024-11-02,10.75,,,,,
2024-11-03,10.75,,,,,
2024-11-04,10.75,,,,0.040168,
2024-11-05,10.75,,,,0.040168,
2024-11-06,10.75,,,,0.040168,
2024-11-07,11.25,,,,0.041957,
2024-11-08,11.25,,,,0.041957,
2024-11-09,11.25,,,,,
2024-11-10,11.25,,,,,
2024-11-11,11.25,,,,0.041957,
2024-11-12,11.25,,,,0.041957,
2024-11-13,11.25,,,,0.041957,
2024-11-14,11.25,,,,0.041957,
2024-11-15,11.25,,,,,
2024-11-16,11.25,,,,,
2024-11-17,11.25,,,,,
2024-11-18,11.25,,,,0.041957,
2024-11-19,11.25,,,,0.041957,
2024-11-20,11.25,,,,,
2024-11-21,11.25,,,,0.041957,
2024-11-22,11.25,,,,0.041957,
2024-11-23,11.25,,,,,
2024-11-24,11.25,,,,,
2024-11-25,11.25,,,,0.041957,
2024-11-26,11.25,,,,0.041957,
2024-11-27,11.25,,,,0.041957,
2024-11-28,11.25,,,,0.041957,
2024-11-29,11.25,,,,0.041957,
2024-11-30,11.25,,,,,
2024-12-01,11.25,0.52,0.94,0.48,,1046755.8
2024-12-02,11.25,,,,0.041957,
2024-12-03,11.25,,,,0.041957,
2024-12-04,11.25,,,,0.041957,
2024-12-05,11.25,,,,0.041957,
2024-12-06,11.25,,,,0.041957,
2024-12-07,11.25,,,,,
2024-12-08,11.25,,,,,
2024-12-09,11.25,,,,0.041957,
2024-12-10,11.25,,,,0.041957,
2024-12-11,11.25,,,,0.041957,
2024-12-12,12.25,,,,0.045513,
2024-12-13,12.25,,,,0.045513,
2024-12-14,12.25,,,,,
2024-12-15,12.25,,,,,
2024-12-16,12.25,,,,0.045513,
2024-12-17,12.25,,,,0.045513,
2024-12-18,12.25,,,,0.045513,
2024-12-19,12.25,,,,0.045513,
2024-12-20,12.25,,,,0.045513,
2024-12-21,12.25,,,,,
2024-12-22,12.25,,,,,
2024-12-23,12.25,,,,0.045513,
2024-12-24,12.25,,,,0.045513,
2024-12-25,12.25,,,,,
2024-12-26,12.25,,,,0.045513,
2024-12-27,12.25,,,,0.045513,
2024-12-28,12.25,,,,,
2024-12-29,12.25,,,,,
2024-12-30,12.25,,,,0.045513,
2024-12-31,12.25,,,,0.045513,
2025-01-01,12.25,0.16,0.27,0.0,,960796.6
2025-01-02,12.25,,,,0.045513,
2025-01-03,12.25,,,,0.045513,
2025-01-04,12.25,,,,,
2025-01-05,12.25,,,,,
2025-01-06,12.25,,,,0.045513,
2025-01-07,12.25,,,,0.045513,
2025-01-08,12.25,,,,0.045513,
2025-01-09,12.25,,,,0.045513,
2025-01-10,12.25,,,,0.045513,
2025-01-11,12.25,,,,,
2025-01-12,12.25,,,,,
2025-01-13,12.25,,,,0.045513,
2025-01-14,12.25,,,,0.045513,
2025-01-15,12.25,,,,0.045513,
2025-01-16,12.25,,,,0.045513,
2025-01-17,12.25,,,,0.045513,
2025-01-18,12.25,,,,,
2025-01-19,12.25,,,,,
2025-01-20,12.25,,,,0.045513,
2025-01-21,12.25,,,,0.045513,
2025-01-22,12.25,,,,0.045513,
2025-01-23,12.25,,,,0.045513,
2025-01-24,12.25,,,,0.045513,
2025-01-25,12.25,,,,,
2025-01-26,12.25,,,,,
2025-01-27,12.25,,,,0.045513,
2025-01-28,12.25,,,,0.045513,
2025-01-29,12.25,,,,0.045513,
2025-01-30,13.25,,,,0.049037,
2025-01-31,13.25,,,,0.049037,
2025-02-01,13.25,,1.06,,,
2025-02-02,13.25,,,,,
2025-02-03,13.25,,,,0.049037,
2025-02-04,13.25,,,,0.049037,
2025-02-05,13.25,,,,0.049037,
2025-02-06,13.25,,,,0.049037,
2025-02-07,13.25,,,,0.049037,
2025-02-08,13.25,,,,,
2025-02-09,13.25,,,,,
2025-02-10,13.25,,,,0.049037,
2025-02-11,13.25,,,,0.049037,
2025-02-12,13.25,,,,0.049037,
2025-02-13,13.25,,,,0.049037,
2025-02-14,13.25,,,,0.049037,
2025-02-15,13.25,,,,,
2025-02-16,13.25,,,,,
2025-02-17,13.25,,,,0.049037,
2025-02-18,13.25,,,,0.049037,
2025-02-19,13.25,,,,0.049037,
2025-02-20,13.25,,,,0.049037,
2025-02-21,13.25,,,,0.049037,
2025-02-22,13.25,,,,,
2025-02-23,13.25,,,,,
2025-02-24,13.25,,,,0.049037,
2025-02-25,13.25,,,,0.049037,
2025-02-26,13.25,,,,0.049037,
2025-02-27,13.25,,,,0.049037,
2025-02-28,13.25,,,,0.049037,
2025-03-01,13.25,,,,,
2025-03-02,13.25,,,,,
2025-03-03,13.25,,,,,
2025-03-04,13.25,,,,,
2025-03-05,13.25,,,,0.049037,
2025-03-06,13.25,,,,0.049037,
2025-03-07,13.25,,,,0.049037,
2025-03-08,13.25,,,,,
2025-03-09,13.25,,,,,
2025-03-10,13.25,,,,0.049037,
2025-03-11,13.25,,,,,
